[{"model": "admin.logentry", "pk": 1, "fields": {"action_time": "2023-09-29T03:11:51.985Z", "user": 1, "content_type": 7, "object_id": "1", "object_repr": "bome@gmail.com", "action_flag": 1, "change_message": "[{\"added\": {}}]"}}, {"model": "admin.logentry", "pk": 2, "fields": {"action_time": "2023-09-29T22:50:51.784Z", "user": 1, "content_type": 7, "object_id": "1", "object_repr": "bome@gmail.com", "action_flag": 2, "change_message": "[{\"changed\": {\"fields\": [\"Profile picture\", \"Cover photo\"]}}]"}}, {"model": "admin.logentry", "pk": 3, "fields": {"action_time": "2023-09-30T04:49:22.934Z", "user": 1, "content_type": 6, "object_id": "3", "object_repr": "", "action_flag": 1, "change_message": "[{\"added\": {}}]"}}, {"model": "admin.logentry", "pk": 4, "fields": {"action_time": "2023-09-30T04:50:39.389Z", "user": 1, "content_type": 6, "object_id": "3", "object_repr": "", "action_flag": 3, "change_message": ""}}, {"model": "admin.logentry", "pk": 5, "fields": {"action_time": "2023-09-30T04:51:05.084Z", "user": 1, "content_type": 6, "object_id": "4", "object_repr": "", "action_flag": 1, "change_message": "[{\"added\": {}}]"}}, {"model": "admin.logentry", "pk": 6, "fields": {"action_time": "2023-09-30T04:54:56.375Z", "user": 1, "content_type": 6, "object_id": "4", "object_repr": "", "action_flag": 3, "change_message": ""}}, {"model": "admin.logentry", "pk": 7, "fields": {"action_time": "2023-09-30T04:57:16.505Z", "user": 1, "content_type": 6, "object_id": "6", "object_repr": "", "action_flag": 1, "change_message": "[{\"added\": {}}]"}}, {"model": "admin.logentry", "pk": 8, "fields": {"action_time": "2023-09-30T04:59:03.529Z", "user": 1, "content_type": 6, "object_id": "6", "object_repr": "juliet@Gmail.com", "action_flag": 2, "change_message": "[{\"changed\": {\"fields\": [\"First name\", \"Last name\", \"Email\"]}}]"}}, {"model": "admin.logentry", "pk": 9, "fields": {"action_time": "2023-09-30T05:10:25.699Z", "user": 1, "content_type": 7, "object_id": "2", "object_repr": "juliet@Gmail.com", "action_flag": 3, "change_message": ""}}, {"model": "admin.logentry", "pk": 10, "fields": {"action_time": "2023-09-30T05:10:46.534Z", "user": 1, "content_type": 6, "object_id": "6", "object_repr": "juliet@Gmail.com", "action_flag": 2, "change_message": "[{\"changed\": {\"fields\": [\"First name\"]}}]"}}, {"model": "admin.logentry", "pk": 11, "fields": {"action_time": "2023-09-30T05:11:56.710Z", "user": 1, "content_type": 6, "object_id": "7", "object_repr": "", "action_flag": 1, "change_message": "[{\"added\": {}}]"}}, {"model": "admin.logentry", "pk": 12, "fields": {"action_time": "2023-09-30T05:12:35.884Z", "user": 1, "content_type": 6, "object_id": "7", "object_repr": "romanjovan@gmail.com", "action_flag": 2, "change_message": "[{\"changed\": {\"fields\": [\"First name\", \"Last name\", \"Email\"]}}]"}}, {"model": "admin.logentry", "pk": 13, "fields": {"action_time": "2023-09-30T09:02:30.779Z", "user": 1, "content_type": 6, "object_id": "8", "object_repr": "", "action_flag": 1, "change_message": "[{\"added\": {}}]"}}, {"model": "admin.logentry", "pk": 14, "fields": {"action_time": "2023-10-02T08:27:02.832Z", "user": 1, "content_type": 6, "object_id": "13", "object_repr": "elvis@gmail.com", "action_flag": 3, "change_message": ""}}, {"model": "admin.logentry", "pk": 15, "fields": {"action_time": "2023-10-02T08:27:03.272Z", "user": 1, "content_type": 6, "object_id": "12", "object_repr": "Miner@gmail.com", "action_flag": 3, "change_message": ""}}, {"model": "admin.logentry", "pk": 16, "fields": {"action_time": "2023-10-02T08:27:03.275Z", "user": 1, "content_type": 6, "object_id": "11", "object_repr": "joanajame@gmail.com", "action_flag": 3, "change_message": ""}}, {"model": "admin.logentry", "pk": 17, "fields": {"action_time": "2023-10-02T08:27:03.278Z", "user": 1, "content_type": 6, "object_id": "10", "object_repr": "Jonna@gmail.com", "action_flag": 3, "change_message": ""}}, {"model": "admin.logentry", "pk": 18, "fields": {"action_time": "2023-10-02T08:27:03.281Z", "user": 1, "content_type": 6, "object_id": "9", "object_repr": "evansboma@gmail.com", "action_flag": 3, "change_message": ""}}, {"model": "admin.logentry", "pk": 19, "fields": {"action_time": "2023-10-02T08:27:03.283Z", "user": 1, "content_type": 6, "object_id": "8", "object_repr": "", "action_flag": 3, "change_message": ""}}, {"model": "admin.logentry", "pk": 20, "fields": {"action_time": "2023-10-02T08:27:03.286Z", "user": 1, "content_type": 6, "object_id": "7", "object_repr": "romanjovan@gmail.com", "action_flag": 3, "change_message": ""}}, {"model": "admin.logentry", "pk": 21, "fields": {"action_time": "2023-10-02T08:27:28.709Z", "user": 1, "content_type": 6, "object_id": "14", "object_repr": "", "action_flag": 1, "change_message": "[{\"added\": {}}]"}}, {"model": "admin.logentry", "pk": 22, "fields": {"action_time": "2023-10-02T08:28:01.424Z", "user": 1, "content_type": 6, "object_id": "14", "object_repr": "mail.com@gmail.com", "action_flag": 2, "change_message": "[{\"changed\": {\"fields\": [\"First name\", \"Last name\", \"Username\", \"Email\", \"Phonenumber\", \"Role\"]}}]"}}, {"model": "admin.logentry", "pk": 23, "fields": {"action_time": "2023-10-02T08:29:15.580Z", "user": 1, "content_type": 6, "object_id": "15", "object_repr": "", "action_flag": 1, "change_message": "[{\"added\": {}}]"}}, {"model": "admin.logentry", "pk": 24, "fields": {"action_time": "2023-10-02T08:29:43.928Z", "user": 1, "content_type": 6, "object_id": "15", "object_repr": "methat@gmail.com", "action_flag": 2, "change_message": "[{\"changed\": {\"fields\": [\"First name\", \"Last name\", \"Username\", \"Email\", \"Phonenumber\"]}}]"}}, {"model": "admin.logentry", "pk": 25, "fields": {"action_time": "2023-10-02T09:22:50.145Z", "user": 1, "content_type": 6, "object_id": "17", "object_repr": "", "action_flag": 1, "change_message": "[{\"added\": {}}]"}}, {"model": "admin.logentry", "pk": 26, "fields": {"action_time": "2023-10-02T09:23:22.127Z", "user": 1, "content_type": 6, "object_id": "17", "object_repr": "", "action_flag": 3, "change_message": ""}}, {"model": "admin.logentry", "pk": 27, "fields": {"action_time": "2023-10-02T09:23:39.214Z", "user": 1, "content_type": 6, "object_id": "18", "object_repr": "", "action_flag": 1, "change_message": "[{\"added\": {}}]"}}, {"model": "admin.logentry", "pk": 28, "fields": {"action_time": "2023-10-02T09:24:07.810Z", "user": 1, "content_type": 6, "object_id": "18", "object_repr": "keke@gmail.com", "action_flag": 2, "change_message": "[{\"changed\": {\"fields\": [\"First name\", \"Last name\", \"Email\", \"Phonenumber\", \"Role\"]}}]"}}, {"model": "admin.logentry", "pk": 29, "fields": {"action_time": "2023-10-04T01:51:36.726Z", "user": 1, "content_type": 6, "object_id": "20", "object_repr": "testingme@gmail.com", "action_flag": 3, "change_message": ""}}, {"model": "admin.logentry", "pk": 30, "fields": {"action_time": "2023-10-04T01:51:36.888Z", "user": 1, "content_type": 6, "object_id": "19", "object_repr": "joj@54.com", "action_flag": 3, "change_message": ""}}, {"model": "admin.logentry", "pk": 31, "fields": {"action_time": "2023-10-04T01:51:36.891Z", "user": 1, "content_type": 6, "object_id": "18", "object_repr": "keke@gmail.com", "action_flag": 3, "change_message": ""}}, {"model": "admin.logentry", "pk": 32, "fields": {"action_time": "2023-10-04T01:51:36.894Z", "user": 1, "content_type": 6, "object_id": "16", "object_repr": "minerjames@gmail.com", "action_flag": 3, "change_message": ""}}, {"model": "admin.logentry", "pk": 33, "fields": {"action_time": "2023-10-04T01:51:36.897Z", "user": 1, "content_type": 6, "object_id": "15", "object_repr": "methat@gmail.com", "action_flag": 3, "change_message": ""}}, {"model": "admin.logentry", "pk": 34, "fields": {"action_time": "2023-10-04T01:51:36.900Z", "user": 1, "content_type": 6, "object_id": "14", "object_repr": "mail.com@gmail.com", "action_flag": 3, "change_message": ""}}, {"model": "admin.logentry", "pk": 35, "fields": {"action_time": "2023-10-04T01:53:20.338Z", "user": 1, "content_type": 6, "object_id": "21", "object_repr": "", "action_flag": 1, "change_message": "[{\"added\": {}}]"}}, {"model": "admin.logentry", "pk": 36, "fields": {"action_time": "2023-10-04T01:54:01.192Z", "user": 1, "content_type": 6, "object_id": "21", "object_repr": "mercy@gmail.com", "action_flag": 2, "change_message": "[{\"changed\": {\"fields\": [\"First name\", \"Last name\", \"Email\", \"Phonenumber\", \"Role\"]}}]"}}, {"model": "admin.logentry", "pk": 37, "fields": {"action_time": "2023-10-04T01:55:08.610Z", "user": 1, "content_type": 6, "object_id": "22", "object_repr": "", "action_flag": 1, "change_message": "[{\"added\": {}}]"}}, {"model": "admin.logentry", "pk": 38, "fields": {"action_time": "2023-10-04T03:10:04.710Z", "user": 1, "content_type": 6, "object_id": "22", "object_repr": "", "action_flag": 3, "change_message": ""}}, {"model": "admin.logentry", "pk": 39, "fields": {"action_time": "2023-10-04T03:10:38.501Z", "user": 1, "content_type": 6, "object_id": "27", "object_repr": "", "action_flag": 1, "change_message": "[{\"added\": {}}]"}}, {"model": "admin.logentry", "pk": 40, "fields": {"action_time": "2023-10-04T03:11:16.363Z", "user": 1, "content_type": 6, "object_id": "27", "object_repr": "jojo@gmail.com", "action_flag": 2, "change_message": "[{\"changed\": {\"fields\": [\"First name\", \"Last name\", \"Email\", \"Phone number\", \"Role\"]}}]"}}, {"model": "admin.logentry", "pk": 41, "fields": {"action_time": "2023-10-04T03:12:00.181Z", "user": 1, "content_type": 6, "object_id": "27", "object_repr": "jojo@gmail.com", "action_flag": 2, "change_message": "[{\"changed\": {\"fields\": [\"Is admin\"]}}]"}}, {"model": "admin.logentry", "pk": 42, "fields": {"action_time": "2023-10-04T03:12:31.828Z", "user": 1, "content_type": 6, "object_id": "27", "object_repr": "jojo@gmail.com", "action_flag": 2, "change_message": "[{\"changed\": {\"fields\": [\"Role\", \"Is admin\"]}}]"}}, {"model": "admin.logentry", "pk": 43, "fields": {"action_time": "2023-10-04T03:17:53.661Z", "user": 1, "content_type": 7, "object_id": "5", "object_repr": "jojo@gmail.com", "action_flag": 1, "change_message": "[{\"added\": {}}]"}}, {"model": "admin.logentry", "pk": 44, "fields": {"action_time": "2023-10-04T03:41:10.792Z", "user": 1, "content_type": 6, "object_id": "28", "object_repr": "", "action_flag": 1, "change_message": "[{\"added\": {}}]"}}, {"model": "admin.logentry", "pk": 45, "fields": {"action_time": "2023-10-04T03:45:15.502Z", "user": 1, "content_type": 6, "object_id": "28", "object_repr": "", "action_flag": 3, "change_message": ""}}, {"model": "admin.logentry", "pk": 46, "fields": {"action_time": "2023-10-04T03:46:08.641Z", "user": 1, "content_type": 6, "object_id": "29", "object_repr": "", "action_flag": 1, "change_message": "[{\"added\": {}}]"}}, {"model": "admin.logentry", "pk": 47, "fields": {"action_time": "2023-10-04T03:46:32.144Z", "user": 1, "content_type": 6, "object_id": "29", "object_repr": "EVA@GMAIL.COM", "action_flag": 2, "change_message": "[{\"changed\": {\"fields\": [\"First name\", \"Last name\", \"Email\", \"Phone number\"]}}]"}}, {"model": "admin.logentry", "pk": 48, "fields": {"action_time": "2023-10-04T03:47:29.476Z", "user": 1, "content_type": 6, "object_id": "30", "object_repr": "", "action_flag": 1, "change_message": "[{\"added\": {}}]"}}, {"model": "admin.logentry", "pk": 49, "fields": {"action_time": "2023-10-04T03:47:51.271Z", "user": 1, "content_type": 6, "object_id": "30", "object_repr": "YES@GMAIL.COM", "action_flag": 2, "change_message": "[{\"changed\": {\"fields\": [\"First name\", \"Last name\", \"Email\"]}}]"}}, {"model": "admin.logentry", "pk": 50, "fields": {"action_time": "2023-10-07T10:49:00.179Z", "user": 1, "content_type": 6, "object_id": "31", "object_repr": "jalion@gmail.com", "action_flag": 3, "change_message": ""}}, {"model": "admin.logentry", "pk": 51, "fields": {"action_time": "2023-10-08T05:52:34.102Z", "user": 1, "content_type": 6, "object_id": "42", "object_repr": "yours@gmail.com", "action_flag": 3, "change_message": ""}}, {"model": "admin.logentry", "pk": 52, "fields": {"action_time": "2023-10-08T05:52:34.109Z", "user": 1, "content_type": 6, "object_id": "41", "object_repr": "July@gmail.com", "action_flag": 3, "change_message": ""}}, {"model": "admin.logentry", "pk": 53, "fields": {"action_time": "2023-10-08T05:52:34.113Z", "user": 1, "content_type": 6, "object_id": "40", "object_repr": "JoEvans@gmail.com", "action_flag": 3, "change_message": ""}}, {"model": "admin.logentry", "pk": 54, "fields": {"action_time": "2023-10-08T05:52:34.116Z", "user": 1, "content_type": 6, "object_id": "39", "object_repr": "444evansboma@gmail.com", "action_flag": 3, "change_message": ""}}, {"model": "admin.logentry", "pk": 55, "fields": {"action_time": "2023-10-08T05:52:34.120Z", "user": 1, "content_type": 6, "object_id": "38", "object_repr": "heh@gmail.com", "action_flag": 3, "change_message": ""}}, {"model": "admin.logentry", "pk": 56, "fields": {"action_time": "2023-10-08T05:52:34.123Z", "user": 1, "content_type": 6, "object_id": "37", "object_repr": "2evansboma@gmail.com", "action_flag": 3, "change_message": ""}}, {"model": "admin.logentry", "pk": 57, "fields": {"action_time": "2023-10-08T09:05:25.040Z", "user": 1, "content_type": 6, "object_id": "51", "object_repr": "asdad@gmail.com", "action_flag": 3, "change_message": ""}}, {"model": "admin.logentry", "pk": 58, "fields": {"action_time": "2023-10-08T09:05:25.048Z", "user": 1, "content_type": 6, "object_id": "50", "object_repr": "sdcfsdfds@gmail.com", "action_flag": 3, "change_message": ""}}, {"model": "admin.logentry", "pk": 59, "fields": {"action_time": "2023-10-08T09:05:25.051Z", "user": 1, "content_type": 6, "object_id": "49", "object_repr": "sfdfsdf@gmail.com", "action_flag": 3, "change_message": ""}}, {"model": "admin.logentry", "pk": 60, "fields": {"action_time": "2023-10-08T09:05:25.055Z", "user": 1, "content_type": 6, "object_id": "48", "object_repr": "555evansboma@gmail.com", "action_flag": 3, "change_message": ""}}, {"model": "admin.logentry", "pk": 61, "fields": {"action_time": "2023-10-08T09:05:25.059Z", "user": 1, "content_type": 6, "object_id": "46", "object_repr": "44evansboma@gmail.com", "action_flag": 3, "change_message": ""}}, {"model": "admin.logentry", "pk": 62, "fields": {"action_time": "2023-10-08T09:05:25.063Z", "user": 1, "content_type": 6, "object_id": "45", "object_repr": "yesyes@gmail.com", "action_flag": 3, "change_message": ""}}, {"model": "admin.logentry", "pk": 63, "fields": {"action_time": "2023-10-14T13:54:37.669Z", "user": 1, "content_type": 6, "object_id": "67", "object_repr": "mimi@gmail.com", "action_flag": 3, "change_message": ""}}, {"model": "admin.logentry", "pk": 64, "fields": {"action_time": "2023-10-14T13:54:37.694Z", "user": 1, "content_type": 6, "object_id": "66", "object_repr": "sdfdsfs@gmail.com", "action_flag": 3, "change_message": ""}}, {"model": "admin.logentry", "pk": 65, "fields": {"action_time": "2023-10-14T13:54:37.700Z", "user": 1, "content_type": 6, "object_id": "64", "object_repr": "minerjons@gmail.com", "action_flag": 3, "change_message": ""}}, {"model": "admin.logentry", "pk": 66, "fields": {"action_time": "2023-10-14T13:54:37.702Z", "user": 1, "content_type": 6, "object_id": "63", "object_repr": "sadfasda@gmail.com", "action_flag": 3, "change_message": ""}}, {"model": "admin.logentry", "pk": 67, "fields": {"action_time": "2023-10-14T13:54:37.705Z", "user": 1, "content_type": 6, "object_id": "62", "object_repr": "tevansboma@gmail.com", "action_flag": 3, "change_message": ""}}, {"model": "admin.logentry", "pk": 68, "fields": {"action_time": "2023-10-14T13:54:37.708Z", "user": 1, "content_type": 6, "object_id": "61", "object_repr": "hyhrt@gmail.com", "action_flag": 3, "change_message": ""}}, {"model": "admin.logentry", "pk": 69, "fields": {"action_time": "2023-10-14T13:54:37.736Z", "user": 1, "content_type": 6, "object_id": "60", "object_repr": "122rtytr@gmail.com", "action_flag": 3, "change_message": ""}}, {"model": "admin.logentry", "pk": 70, "fields": {"action_time": "2023-10-14T13:54:37.756Z", "user": 1, "content_type": 6, "object_id": "59", "object_repr": "rtytr@gmail.com", "action_flag": 3, "change_message": ""}}, {"model": "admin.logentry", "pk": 71, "fields": {"action_time": "2023-10-14T13:54:37.772Z", "user": 1, "content_type": 6, "object_id": "58", "object_repr": "sdfr@gmail.com", "action_flag": 3, "change_message": ""}}, {"model": "admin.logentry", "pk": 72, "fields": {"action_time": "2023-10-14T13:54:37.776Z", "user": 1, "content_type": 6, "object_id": "57", "object_repr": "evasdfnsboma@gmail.com", "action_flag": 3, "change_message": ""}}, {"model": "admin.logentry", "pk": 73, "fields": {"action_time": "2023-10-14T13:54:37.779Z", "user": 1, "content_type": 6, "object_id": "56", "object_repr": "iekr@gmail.com", "action_flag": 3, "change_message": ""}}, {"model": "admin.logentry", "pk": 74, "fields": {"action_time": "2023-10-14T13:54:37.782Z", "user": 1, "content_type": 6, "object_id": "54", "object_repr": "werfer@gmail.com", "action_flag": 3, "change_message": ""}}, {"model": "admin.logentry", "pk": 75, "fields": {"action_time": "2023-10-14T13:54:37.786Z", "user": 1, "content_type": 6, "object_id": "53", "object_repr": "Evans@gmail.com", "action_flag": 3, "change_message": ""}}, {"model": "admin.logentry", "pk": 76, "fields": {"action_time": "2023-10-14T13:54:37.789Z", "user": 1, "content_type": 6, "object_id": "52", "object_repr": "gdgf@gmail.com", "action_flag": 3, "change_message": ""}}, {"model": "admin.logentry", "pk": 77, "fields": {"action_time": "2023-10-14T13:54:37.793Z", "user": 1, "content_type": 6, "object_id": "47", "object_repr": "sadfsd@gmail.com", "action_flag": 3, "change_message": ""}}, {"model": "admin.logentry", "pk": 78, "fields": {"action_time": "2023-10-14T13:54:37.796Z", "user": 1, "content_type": 6, "object_id": "44", "object_repr": "testwe@gmail.com", "action_flag": 3, "change_message": ""}}, {"model": "admin.logentry", "pk": 79, "fields": {"action_time": "2023-10-14T13:54:37.800Z", "user": 1, "content_type": 6, "object_id": "43", "object_repr": "JoEvans@gmail.com", "action_flag": 3, "change_message": ""}}, {"model": "admin.logentry", "pk": 80, "fields": {"action_time": "2023-10-14T13:54:37.803Z", "user": 1, "content_type": 6, "object_id": "36", "object_repr": "evansboma@gmail.com", "action_flag": 3, "change_message": ""}}, {"model": "admin.logentry", "pk": 81, "fields": {"action_time": "2023-10-14T13:54:37.807Z", "user": 1, "content_type": 6, "object_id": "35", "object_repr": "sfddsfds@gmail.com", "action_flag": 3, "change_message": ""}}, {"model": "admin.logentry", "pk": 82, "fields": {"action_time": "2023-10-14T13:54:37.820Z", "user": 1, "content_type": 6, "object_id": "34", "object_repr": "uuuu@gmail.com", "action_flag": 3, "change_message": ""}}, {"model": "admin.logentry", "pk": 83, "fields": {"action_time": "2023-10-14T13:54:37.822Z", "user": 1, "content_type": 6, "object_id": "33", "object_repr": "abevansboma@gmail.com", "action_flag": 3, "change_message": ""}}, {"model": "admin.logentry", "pk": 84, "fields": {"action_time": "2023-10-14T13:54:37.824Z", "user": 1, "content_type": 6, "object_id": "32", "object_repr": "liontiger@gmail.com", "action_flag": 3, "change_message": ""}}, {"model": "admin.logentry", "pk": 85, "fields": {"action_time": "2023-10-14T13:54:37.827Z", "user": 1, "content_type": 6, "object_id": "30", "object_repr": "YES@GMAIL.COM", "action_flag": 3, "change_message": ""}}, {"model": "admin.logentry", "pk": 86, "fields": {"action_time": "2023-10-14T13:54:37.829Z", "user": 1, "content_type": 6, "object_id": "29", "object_repr": "EVA@GMAIL.COM", "action_flag": 3, "change_message": ""}}, {"model": "admin.logentry", "pk": 87, "fields": {"action_time": "2023-10-14T13:54:37.831Z", "user": 1, "content_type": 6, "object_id": "27", "object_repr": "jojo@gmail.com", "action_flag": 3, "change_message": ""}}, {"model": "admin.logentry", "pk": 88, "fields": {"action_time": "2023-10-14T13:54:37.833Z", "user": 1, "content_type": 6, "object_id": "21", "object_repr": "mercy@gmail.com", "action_flag": 3, "change_message": ""}}, {"model": "admin.logentry", "pk": 89, "fields": {"action_time": "2023-10-14T13:54:37.928Z", "user": 1, "content_type": 6, "object_id": "6", "object_repr": "juliet@Gmail.com", "action_flag": 3, "change_message": ""}}, {"model": "admin.logentry", "pk": 90, "fields": {"action_time": "2023-10-14T13:59:32.066Z", "user": 1, "content_type": 6, "object_id": "68", "object_repr": "evansjuliet@gmail.com", "action_flag": 2, "change_message": "[{\"changed\": {\"fields\": [\"Is active\"]}}]"}}, {"model": "admin.logentry", "pk": 91, "fields": {"action_time": "2023-10-15T02:14:32.156Z", "user": 1, "content_type": 6, "object_id": "68", "object_repr": "evansjuliet@gmail.com", "action_flag": 2, "change_message": "[{\"changed\": {\"fields\": [\"Role\"]}}]"}}, {"model": "admin.logentry", "pk": 92, "fields": {"action_time": "2023-10-15T03:08:41.281Z", "user": 1, "content_type": 6, "object_id": "68", "object_repr": "evansjuliet@gmail.com", "action_flag": 2, "change_message": "[{\"changed\": {\"fields\": [\"Role\"]}}]"}}, {"model": "admin.logentry", "pk": 93, "fields": {"action_time": "2023-10-15T06:49:03.284Z", "user": 1, "content_type": 6, "object_id": "69", "object_repr": "evanstaku3@gmail.com", "action_flag": 3, "change_message": ""}}, {"model": "admin.logentry", "pk": 94, "fields": {"action_time": "2023-10-15T07:02:38.296Z", "user": 1, "content_type": 6, "object_id": "70", "object_repr": "evanstaku3@gmail.com", "action_flag": 3, "change_message": ""}}, {"model": "admin.logentry", "pk": 95, "fields": {"action_time": "2023-10-15T07:56:20.169Z", "user": 1, "content_type": 6, "object_id": "71", "object_repr": "evanstaku3@gmail.com", "action_flag": 3, "change_message": ""}}, {"model": "admin.logentry", "pk": 96, "fields": {"action_time": "2023-10-15T08:27:45.396Z", "user": 1, "content_type": 6, "object_id": "72", "object_repr": "evanstaku3@gmail.com", "action_flag": 3, "change_message": ""}}, {"model": "admin.logentry", "pk": 97, "fields": {"action_time": "2023-10-15T08:29:43.860Z", "user": 1, "content_type": 6, "object_id": "73", "object_repr": "evanstaku3@gmail.com", "action_flag": 3, "change_message": ""}}, {"model": "admin.logentry", "pk": 98, "fields": {"action_time": "2023-10-15T08:42:36.625Z", "user": 1, "content_type": 6, "object_id": "74", "object_repr": "evanstaku3@gmail.com", "action_flag": 3, "change_message": ""}}, {"model": "admin.logentry", "pk": 99, "fields": {"action_time": "2023-10-21T08:46:15.005Z", "user": 1, "content_type": 6, "object_id": "75", "object_repr": "evanstaku3@gmail.com", "action_flag": 3, "change_message": ""}}, {"model": "admin.logentry", "pk": 100, "fields": {"action_time": "2023-10-21T08:48:53.466Z", "user": 1, "content_type": 6, "object_id": "68", "object_repr": "evansjuliet@gmail.com", "action_flag": 3, "change_message": ""}}, {"model": "admin.logentry", "pk": 101, "fields": {"action_time": "2023-10-21T09:08:53.522Z", "user": 1, "content_type": 6, "object_id": "78", "object_repr": "evansjuliet@gmail.com", "action_flag": 3, "change_message": ""}}, {"model": "admin.logentry", "pk": 102, "fields": {"action_time": "2023-10-21T09:08:53.526Z", "user": 1, "content_type": 6, "object_id": "77", "object_repr": "evanstaku3@gmail.com", "action_flag": 3, "change_message": ""}}, {"model": "admin.logentry", "pk": 103, "fields": {"action_time": "2023-10-21T09:34:09.258Z", "user": 1, "content_type": 6, "object_id": "80", "object_repr": "evanstaku3@gmail.com", "action_flag": 3, "change_message": ""}}, {"model": "admin.logentry", "pk": 104, "fields": {"action_time": "2023-11-04T11:26:18.854Z", "user": 1, "content_type": 8, "object_id": "5", "object_repr": "ThefoodVendor", "action_flag": 2, "change_message": "[{\"changed\": {\"fields\": [\"Is approved\"]}}]"}}, {"model": "admin.logentry", "pk": 105, "fields": {"action_time": "2023-11-04T11:26:49.978Z", "user": 1, "content_type": 8, "object_id": "5", "object_repr": "ThefoodVendor", "action_flag": 2, "change_message": "[{\"changed\": {\"fields\": [\"Is approved\"]}}]"}}, {"model": "admin.logentry", "pk": 106, "fields": {"action_time": "2023-11-05T20:22:59.719Z", "user": 1, "content_type": 7, "object_id": "60", "object_repr": "evansboma@gmail.com", "action_flag": 2, "change_message": "[{\"changed\": {\"fields\": [\"Profile picture\", \"Cover photo\", \"Address line 1\", \"Address line 2\", \"Country\", \"State\", \"City\", \"Pin code\"]}}]"}}, {"model": "admin.logentry", "pk": 107, "fields": {"action_time": "2023-11-05T20:24:06.889Z", "user": 1, "content_type": 7, "object_id": "59", "object_repr": "evanstaku3@gmail.com", "action_flag": 2, "change_message": "[{\"changed\": {\"fields\": [\"Profile picture\", \"Cover photo\"]}}]"}}, {"model": "admin.logentry", "pk": 108, "fields": {"action_time": "2023-11-05T21:07:33.669Z", "user": 1, "content_type": 8, "object_id": "6", "object_repr": "Julie Foods", "action_flag": 1, "change_message": "[{\"added\": {}}]"}}, {"model": "admin.logentry", "pk": 109, "fields": {"action_time": "2023-11-05T21:08:46.598Z", "user": 1, "content_type": 6, "object_id": "79", "object_repr": "evansjuliet14@gmail.com", "action_flag": 3, "change_message": ""}}, {"model": "admin.logentry", "pk": 110, "fields": {"action_time": "2023-11-05T21:10:49.774Z", "user": 1, "content_type": 8, "object_id": "7", "object_repr": "Juliet Food", "action_flag": 2, "change_message": "[{\"changed\": {\"fields\": [\"Is approved\"]}}]"}}, {"model": "admin.logentry", "pk": 111, "fields": {"action_time": "2023-11-05T21:11:05.448Z", "user": 1, "content_type": 6, "object_id": "83", "object_repr": "evansjuliet@gmail.com", "action_flag": 2, "change_message": "[{\"changed\": {\"fields\": [\"Is active\"]}}]"}}, {"model": "admin.logentry", "pk": 112, "fields": {"action_time": "2023-11-06T10:59:47.509Z", "user": 1, "content_type": 8, "object_id": "5", "object_repr": "ThefoodVendor", "action_flag": 2, "change_message": "[{\"changed\": {\"fields\": [\"Is approved\"]}}]"}}, {"model": "admin.logentry", "pk": 113, "fields": {"action_time": "2023-11-06T11:00:02.090Z", "user": 1, "content_type": 7, "object_id": "60", "object_repr": "evansboma@gmail.com", "action_flag": 2, "change_message": "[]"}}, {"model": "admin.logentry", "pk": 114, "fields": {"action_time": "2023-11-06T11:22:17.726Z", "user": 1, "content_type": 7, "object_id": "60", "object_repr": "evansboma@gmail.com", "action_flag": 2, "change_message": "[{\"changed\": {\"fields\": [\"Cover photo\"]}}]"}}, {"model": "admin.logentry", "pk": 115, "fields": {"action_time": "2023-11-11T19:02:48.738Z", "user": 1, "content_type": 7, "object_id": "60", "object_repr": "evansboma@gmail.com", "action_flag": 2, "change_message": "[{\"changed\": {\"fields\": [\"PrimaryAddress\"]}}]"}}, {"model": "admin.logentry", "pk": 116, "fields": {"action_time": "2023-11-15T16:56:01.549Z", "user": 1, "content_type": 10, "object_id": "1", "object_repr": "Burgers", "action_flag": 1, "change_message": "[{\"added\": {}}]"}}, {"model": "admin.logentry", "pk": 117, "fields": {"action_time": "2023-11-15T17:00:02.585Z", "user": 1, "content_type": 10, "object_id": "1", "object_repr": "Burgers", "action_flag": 3, "change_message": ""}}, {"model": "admin.logentry", "pk": 118, "fields": {"action_time": "2023-11-15T17:01:34.535Z", "user": 1, "content_type": 10, "object_id": "2", "object_repr": "Burgers", "action_flag": 1, "change_message": "[{\"added\": {}}]"}}, {"model": "admin.logentry", "pk": 119, "fields": {"action_time": "2023-11-15T17:01:49.956Z", "user": 1, "content_type": 10, "object_id": "3", "object_repr": "Sea food", "action_flag": 1, "change_message": "[{\"added\": {}}]"}}, {"model": "admin.logentry", "pk": 120, "fields": {"action_time": "2023-11-15T17:02:05.880Z", "user": 1, "content_type": 10, "object_id": "4", "object_repr": "Chicken", "action_flag": 1, "change_message": "[{\"added\": {}}]"}}, {"model": "admin.logentry", "pk": 121, "fields": {"action_time": "2023-11-15T18:01:07.768Z", "user": 1, "content_type": 10, "object_id": "4", "object_repr": "Chicken", "action_flag": 3, "change_message": ""}}, {"model": "admin.logentry", "pk": 122, "fields": {"action_time": "2023-11-15T18:01:07.786Z", "user": 1, "content_type": 10, "object_id": "3", "object_repr": "Sea food", "action_flag": 3, "change_message": ""}}, {"model": "admin.logentry", "pk": 123, "fields": {"action_time": "2023-11-15T18:01:07.788Z", "user": 1, "content_type": 10, "object_id": "2", "object_repr": "Burgers", "action_flag": 3, "change_message": ""}}, {"model": "admin.logentry", "pk": 124, "fields": {"action_time": "2023-11-15T23:55:37.411Z", "user": 1, "content_type": 10, "object_id": "5", "object_repr": "Burger", "action_flag": 1, "change_message": "[{\"added\": {}}]"}}, {"model": "admin.logentry", "pk": 125, "fields": {"action_time": "2023-11-15T23:55:55.356Z", "user": 1, "content_type": 10, "object_id": "6", "object_repr": "Chicken", "action_flag": 1, "change_message": "[{\"added\": {}}]"}}, {"model": "admin.logentry", "pk": 126, "fields": {"action_time": "2023-11-15T23:56:15.197Z", "user": 1, "content_type": 10, "object_id": "7", "object_repr": "Sea food", "action_flag": 1, "change_message": "[{\"added\": {}}]"}}, {"model": "admin.logentry", "pk": 127, "fields": {"action_time": "2023-11-16T00:29:55.165Z", "user": 1, "content_type": 12, "object_id": "1", "object_repr": "Burgers", "action_flag": 1, "change_message": "[{\"added\": {}}]"}}, {"model": "admin.logentry", "pk": 128, "fields": {"action_time": "2023-11-16T00:39:33.807Z", "user": 1, "content_type": 12, "object_id": "2", "object_repr": "Chicken", "action_flag": 1, "change_message": "[{\"added\": {}}]"}}, {"model": "admin.logentry", "pk": 129, "fields": {"action_time": "2023-11-16T00:40:00.824Z", "user": 1, "content_type": 11, "object_id": "1", "object_repr": "Burger one", "action_flag": 1, "change_message": "[{\"added\": {}}]"}}, {"model": "admin.logentry", "pk": 130, "fields": {"action_time": "2023-11-16T04:09:42.676Z", "user": 1, "content_type": 12, "object_id": "3", "object_repr": "Sea food", "action_flag": 1, "change_message": "[{\"added\": {}}]"}}, {"model": "admin.logentry", "pk": 131, "fields": {"action_time": "2023-11-16T04:10:16.143Z", "user": 1, "content_type": 12, "object_id": "4", "object_repr": "Deserts", "action_flag": 1, "change_message": "[{\"added\": {}}]"}}, {"model": "admin.logentry", "pk": 132, "fields": {"action_time": "2023-11-16T04:10:56.553Z", "user": 1, "content_type": 11, "object_id": "2", "object_repr": "Chicken Wingds", "action_flag": 1, "change_message": "[{\"added\": {}}]"}}, {"model": "admin.logentry", "pk": 133, "fields": {"action_time": "2023-11-16T04:11:23.652Z", "user": 1, "content_type": 11, "object_id": "3", "object_repr": "Tilapia Fish", "action_flag": 1, "change_message": "[{\"added\": {}}]"}}, {"model": "admin.logentry", "pk": 134, "fields": {"action_time": "2023-11-16T04:12:03.849Z", "user": 1, "content_type": 11, "object_id": "4", "object_repr": "Ice cream", "action_flag": 1, "change_message": "[{\"added\": {}}]"}}, {"model": "admin.logentry", "pk": 135, "fields": {"action_time": "2023-11-16T08:01:48.175Z", "user": 1, "content_type": 12, "object_id": "4", "object_repr": "Deserts", "action_flag": 2, "change_message": "[{\"changed\": {\"fields\": [\"Description\"]}}]"}}, {"model": "admin.logentry", "pk": 136, "fields": {"action_time": "2023-11-16T08:02:13.515Z", "user": 1, "content_type": 12, "object_id": "3", "object_repr": "Sea food", "action_flag": 2, "change_message": "[{\"changed\": {\"fields\": [\"Description\"]}}]"}}, {"model": "admin.logentry", "pk": 137, "fields": {"action_time": "2023-11-16T08:02:30.114Z", "user": 1, "content_type": 12, "object_id": "2", "object_repr": "Chicken", "action_flag": 2, "change_message": "[{\"changed\": {\"fields\": [\"Description\"]}}]"}}, {"model": "admin.logentry", "pk": 138, "fields": {"action_time": "2023-11-16T08:02:35.677Z", "user": 1, "content_type": 12, "object_id": "1", "object_repr": "Burgers", "action_flag": 2, "change_message": "[]"}}, {"model": "admin.logentry", "pk": 139, "fields": {"action_time": "2023-11-18T03:03:38.462Z", "user": 1, "content_type": 11, "object_id": "5", "object_repr": "Turtle neck", "action_flag": 1, "change_message": "[{\"added\": {}}]"}}, {"model": "admin.logentry", "pk": 140, "fields": {"action_time": "2023-11-18T03:04:10.475Z", "user": 1, "content_type": 11, "object_id": "6", "object_repr": "Red Rice", "action_flag": 1, "change_message": "[{\"added\": {}}]"}}, {"model": "admin.logentry", "pk": 141, "fields": {"action_time": "2023-11-18T03:04:34.742Z", "user": 1, "content_type": 11, "object_id": "7", "object_repr": "Boriler wings", "action_flag": 1, "change_message": "[{\"added\": {}}]"}}, {"model": "admin.logentry", "pk": 142, "fields": {"action_time": "2023-11-18T03:04:55.965Z", "user": 1, "content_type": 11, "object_id": "8", "object_repr": "Giant burger", "action_flag": 1, "change_message": "[{\"added\": {}}]"}}, {"model": "admin.logentry", "pk": 143, "fields": {"action_time": "2023-11-18T03:13:23.619Z", "user": 1, "content_type": 12, "object_id": "5", "object_repr": "African Meal", "action_flag": 1, "change_message": "[{\"added\": {}}]"}}, {"model": "admin.logentry", "pk": 144, "fields": {"action_time": "2023-11-18T03:13:56.678Z", "user": 1, "content_type": 11, "object_id": "9", "object_repr": "White Jollof GH", "action_flag": 1, "change_message": "[{\"added\": {}}]"}}, {"model": "admin.logentry", "pk": 145, "fields": {"action_time": "2023-11-18T03:16:33.443Z", "user": 1, "content_type": 7, "object_id": "61", "object_repr": "evansjuliet@gmail.com", "action_flag": 2, "change_message": "[{\"changed\": {\"fields\": [\"Profile picture\", \"Cover photo\"]}}]"}}, {"model": "admin.logentry", "pk": 146, "fields": {"action_time": "2023-11-18T03:18:30.741Z", "user": 1, "content_type": 12, "object_id": "6", "object_repr": "Blank Category", "action_flag": 1, "change_message": "[{\"added\": {}}]"}}, {"model": "admin.logentry", "pk": 147, "fields": {"action_time": "2023-11-18T04:07:22.737Z", "user": 1, "content_type": 7, "object_id": "61", "object_repr": "evansjuliet@gmail.com", "action_flag": 2, "change_message": "[{\"changed\": {\"fields\": [\"Profile picture\", \"Cover photo\"]}}]"}}, {"model": "admin.logentry", "pk": 148, "fields": {"action_time": "2023-11-18T04:18:10.606Z", "user": 1, "content_type": 7, "object_id": "61", "object_repr": "evansjuliet@gmail.com", "action_flag": 2, "change_message": "[{\"changed\": {\"fields\": [\"Profile picture\"]}}]"}}, {"model": "admin.logentry", "pk": 149, "fields": {"action_time": "2023-11-18T04:19:33.166Z", "user": 1, "content_type": 7, "object_id": "61", "object_repr": "evansjuliet@gmail.com", "action_flag": 2, "change_message": "[{\"changed\": {\"fields\": [\"Cover photo\"]}}]"}}, {"model": "admin.logentry", "pk": 150, "fields": {"action_time": "2023-11-18T04:27:38.932Z", "user": 1, "content_type": 7, "object_id": "61", "object_repr": "evansjuliet@gmail.com", "action_flag": 2, "change_message": "[{\"changed\": {\"fields\": [\"Cover photo\"]}}]"}}, {"model": "admin.logentry", "pk": 151, "fields": {"action_time": "2023-11-18T04:28:54.361Z", "user": 1, "content_type": 7, "object_id": "61", "object_repr": "evansjuliet@gmail.com", "action_flag": 2, "change_message": "[{\"changed\": {\"fields\": [\"Profile picture\"]}}]"}}, {"model": "admin.logentry", "pk": 152, "fields": {"action_time": "2023-11-22T04:25:11.583Z", "user": 1, "content_type": 7, "object_id": "61", "object_repr": "evansjuliet@gmail.com", "action_flag": 2, "change_message": "[{\"changed\": {\"fields\": [\"Profile picture\", \"Cover photo\"]}}]"}}, {"model": "admin.logentry", "pk": 153, "fields": {"action_time": "2023-11-26T21:29:06.402Z", "user": 1, "content_type": 6, "object_id": "65", "object_repr": "testme@gmail.com", "action_flag": 2, "change_message": "[{\"changed\": {\"fields\": [\"Is active\"]}}]"}}, {"model": "admin.logentry", "pk": 154, "fields": {"action_time": "2023-11-26T21:37:50.586Z", "user": 1, "content_type": 6, "object_id": "85", "object_repr": "julietnwaigweevans@gmail.com", "action_flag": 3, "change_message": ""}}, {"model": "admin.logentry", "pk": 155, "fields": {"action_time": "2023-11-26T21:38:16.426Z", "user": 1, "content_type": 8, "object_id": "2", "object_repr": "testmenow", "action_flag": 2, "change_message": "[{\"changed\": {\"fields\": [\"Is approved\"]}}]"}}, {"model": "admin.logentry", "pk": 156, "fields": {"action_time": "2023-11-26T21:38:22.590Z", "user": 1, "content_type": 8, "object_id": "8", "object_repr": "Meme Vendor", "action_flag": 2, "change_message": "[{\"changed\": {\"fields\": [\"Is approved\"]}}]"}}, {"model": "admin.logentry", "pk": 157, "fields": {"action_time": "2023-11-29T18:29:39.823Z", "user": 1, "content_type": 8, "object_id": "8", "object_repr": "Meme Vendor", "action_flag": 2, "change_message": "[{\"changed\": {\"fields\": [\"Vendor slug\"]}}]"}}, {"model": "admin.logentry", "pk": 158, "fields": {"action_time": "2023-11-29T18:29:49.336Z", "user": 1, "content_type": 8, "object_id": "7", "object_repr": "Juliet Food", "action_flag": 2, "change_message": "[{\"changed\": {\"fields\": [\"Vendor slug\"]}}]"}}, {"model": "admin.logentry", "pk": 159, "fields": {"action_time": "2023-11-29T18:29:59.926Z", "user": 1, "content_type": 8, "object_id": "5", "object_repr": "ThefoodVendor", "action_flag": 2, "change_message": "[{\"changed\": {\"fields\": [\"Vendor slug\"]}}]"}}, {"model": "admin.logentry", "pk": 160, "fields": {"action_time": "2023-11-29T18:30:09.724Z", "user": 1, "content_type": 8, "object_id": "2", "object_repr": "testmenow", "action_flag": 2, "change_message": "[{\"changed\": {\"fields\": [\"Vendor slug\"]}}]"}}, {"model": "admin.logentry", "pk": 161, "fields": {"action_time": "2023-12-01T01:22:51.010Z", "user": 1, "content_type": 7, "object_id": "61", "object_repr": "evansjuliet@gmail.com", "action_flag": 2, "change_message": "[{\"changed\": {\"fields\": [\"Profile picture\", \"Cover photo\"]}}]"}}, {"model": "admin.logentry", "pk": 162, "fields": {"action_time": "2023-12-01T01:28:34.416Z", "user": 1, "content_type": 7, "object_id": "60", "object_repr": "evansboma@gmail.com", "action_flag": 2, "change_message": "[{\"changed\": {\"fields\": [\"Profile picture\"]}}]"}}, {"model": "admin.logentry", "pk": 163, "fields": {"action_time": "2023-12-01T01:28:37.133Z", "user": 1, "content_type": 8, "object_id": "5", "object_repr": "ThefoodVendor", "action_flag": 2, "change_message": "[]"}}, {"model": "admin.logentry", "pk": 164, "fields": {"action_time": "2023-12-02T14:35:55.882Z", "user": 1, "content_type": 12, "object_id": "11", "object_repr": "Ice cream", "action_flag": 1, "change_message": "[{\"added\": {}}]"}}, {"model": "admin.logentry", "pk": 165, "fields": {"action_time": "2023-12-02T20:59:28.384Z", "user": 1, "content_type": 7, "object_id": "43", "object_repr": "testme@gmail.com", "action_flag": 2, "change_message": "[{\"changed\": {\"fields\": [\"PrimaryAddress\", \"Address line 1\", \"Country\", \"City\", \"Pin code\"]}}]"}}, {"model": "admin.logentry", "pk": 166, "fields": {"action_time": "2023-12-02T20:59:48.942Z", "user": 1, "content_type": 7, "object_id": "62", "object_repr": "evans.taku@icloud.com", "action_flag": 2, "change_message": "[{\"changed\": {\"fields\": [\"PrimaryAddress\", \"Address line 1\", \"Country\", \"City\", \"Pin code\"]}}]"}}, {"model": "admin.logentry", "pk": 167, "fields": {"action_time": "2023-12-02T21:00:04.644Z", "user": 1, "content_type": 7, "object_id": "61", "object_repr": "evansjuliet@gmail.com", "action_flag": 2, "change_message": "[{\"changed\": {\"fields\": [\"PrimaryAddress\", \"Address line 1\", \"Country\", \"City\", \"Pin code\"]}}]"}}, {"model": "admin.logentry", "pk": 168, "fields": {"action_time": "2023-12-02T21:00:07.050Z", "user": 1, "content_type": 8, "object_id": "7", "object_repr": "Juliet Food", "action_flag": 2, "change_message": "[]"}}, {"model": "admin.logentry", "pk": 169, "fields": {"action_time": "2023-12-16T08:33:17.682Z", "user": 1, "content_type": 13, "object_id": "1", "object_repr": "Cart object (1)", "action_flag": 1, "change_message": "[{\"added\": {}}]"}}, {"model": "admin.logentry", "pk": 170, "fields": {"action_time": "2023-12-16T08:33:27.627Z", "user": 1, "content_type": 13, "object_id": "1", "object_repr": "Cart object (1)", "action_flag": 3, "change_message": ""}}, {"model": "admin.logentry", "pk": 171, "fields": {"action_time": "2023-12-17T08:38:52.571Z", "user": 1, "content_type": 13, "object_id": "8", "object_repr": "Cart object (8)", "action_flag": 3, "change_message": ""}}, {"model": "admin.logentry", "pk": 172, "fields": {"action_time": "2023-12-17T08:38:52.661Z", "user": 1, "content_type": 13, "object_id": "7", "object_repr": "Cart object (7)", "action_flag": 3, "change_message": ""}}, {"model": "admin.logentry", "pk": 173, "fields": {"action_time": "2023-12-17T08:38:52.664Z", "user": 1, "content_type": 13, "object_id": "6", "object_repr": "Cart object (6)", "action_flag": 3, "change_message": ""}}, {"model": "admin.logentry", "pk": 174, "fields": {"action_time": "2023-12-17T08:38:52.665Z", "user": 1, "content_type": 13, "object_id": "5", "object_repr": "Cart object (5)", "action_flag": 3, "change_message": ""}}, {"model": "admin.logentry", "pk": 175, "fields": {"action_time": "2023-12-17T08:38:52.667Z", "user": 1, "content_type": 13, "object_id": "4", "object_repr": "Cart object (4)", "action_flag": 3, "change_message": ""}}, {"model": "admin.logentry", "pk": 176, "fields": {"action_time": "2023-12-17T08:38:52.669Z", "user": 1, "content_type": 13, "object_id": "3", "object_repr": "Cart object (3)", "action_flag": 3, "change_message": ""}}, {"model": "admin.logentry", "pk": 177, "fields": {"action_time": "2023-12-17T08:38:52.671Z", "user": 1, "content_type": 13, "object_id": "2", "object_repr": "Cart object (2)", "action_flag": 3, "change_message": ""}}, {"model": "admin.logentry", "pk": 178, "fields": {"action_time": "2023-12-28T03:30:10.692Z", "user": 1, "content_type": 13, "object_id": "24", "object_repr": "Cart object (24)", "action_flag": 1, "change_message": "[{\"added\": {}}]"}}, {"model": "admin.logentry", "pk": 179, "fields": {"action_time": "2023-12-28T03:34:26.575Z", "user": 1, "content_type": 13, "object_id": "24", "object_repr": "Cart object (24)", "action_flag": 3, "change_message": ""}}, {"model": "admin.logentry", "pk": 180, "fields": {"action_time": "2023-12-28T03:34:26.582Z", "user": 1, "content_type": 13, "object_id": "12", "object_repr": "Cart object (12)", "action_flag": 3, "change_message": ""}}, {"model": "admin.logentry", "pk": 181, "fields": {"action_time": "2023-12-28T03:34:26.584Z", "user": 1, "content_type": 13, "object_id": "11", "object_repr": "Cart object (11)", "action_flag": 3, "change_message": ""}}, {"model": "admin.logentry", "pk": 182, "fields": {"action_time": "2023-12-28T14:07:00.608Z", "user": 1, "content_type": 13, "object_id": "28", "object_repr": "Cart object (28)", "action_flag": 3, "change_message": ""}}, {"model": "admin.logentry", "pk": 183, "fields": {"action_time": "2023-12-28T14:07:00.673Z", "user": 1, "content_type": 13, "object_id": "25", "object_repr": "Cart object (25)", "action_flag": 3, "change_message": ""}}, {"model": "admin.logentry", "pk": 184, "fields": {"action_time": "2023-12-28T14:07:14.270Z", "user": 1, "content_type": 13, "object_id": "29", "object_repr": "Cart object (29)", "action_flag": 1, "change_message": "[{\"added\": {}}]"}}, {"model": "admin.logentry", "pk": 185, "fields": {"action_time": "2023-12-28T14:07:27.902Z", "user": 1, "content_type": 13, "object_id": "30", "object_repr": "Cart object (30)", "action_flag": 1, "change_message": "[{\"added\": {}}]"}}, {"model": "admin.logentry", "pk": 186, "fields": {"action_time": "2023-12-31T04:16:49.629Z", "user": 1, "content_type": 6, "object_id": "88", "object_repr": "peterjohn@gmail.com", "action_flag": 2, "change_message": "[{\"changed\": {\"fields\": [\"Is active\"]}}]"}}, {"model": "admin.logentry", "pk": 187, "fields": {"action_time": "2023-12-31T04:33:25.980Z", "user": 1, "content_type": 7, "object_id": "66", "object_repr": "peterjohn@gmail.com", "action_flag": 2, "change_message": "[{\"changed\": {\"fields\": [\"Profile picture\", \"Cover photo\", \"PrimaryAddress\", \"Address line 1\", \"Address line 2\", \"Country\", \"State\", \"City\", \"Pin code\", \"Latitude\", \"Longitude\"]}}]"}}, {"model": "admin.logentry", "pk": 188, "fields": {"action_time": "2023-12-31T04:36:11.591Z", "user": 1, "content_type": 6, "object_id": "89", "object_repr": "jajajake@gmail.com", "action_flag": 2, "change_message": "[{\"changed\": {\"fields\": [\"Is active\"]}}]"}}, {"model": "admin.logentry", "pk": 189, "fields": {"action_time": "2023-12-31T04:39:51.969Z", "user": 1, "content_type": 7, "object_id": "67", "object_repr": "jajajake@gmail.com", "action_flag": 2, "change_message": "[{\"changed\": {\"fields\": [\"Profile picture\", \"Cover photo\", \"PrimaryAddress\", \"Address line 1\", \"Address line 2\", \"Country\", \"State\", \"City\"]}}]"}}, {"model": "admin.logentry", "pk": 190, "fields": {"action_time": "2023-12-31T04:41:37.151Z", "user": 1, "content_type": 7, "object_id": "67", "object_repr": "jajajake@gmail.com", "action_flag": 2, "change_message": "[{\"changed\": {\"fields\": [\"Pin code\"]}}]"}}, {"model": "admin.logentry", "pk": 191, "fields": {"action_time": "2023-12-31T04:42:40.546Z", "user": 1, "content_type": 7, "object_id": "67", "object_repr": "jajajake@gmail.com", "action_flag": 2, "change_message": "[{\"changed\": {\"fields\": [\"Latitude\", \"Longitude\"]}}]"}}, {"model": "admin.logentry", "pk": 192, "fields": {"action_time": "2023-12-31T04:50:48.048Z", "user": 1, "content_type": 6, "object_id": "90", "object_repr": "okoniwe@gmail.com", "action_flag": 2, "change_message": "[{\"changed\": {\"fields\": [\"Is active\"]}}]"}}, {"model": "admin.logentry", "pk": 193, "fields": {"action_time": "2023-12-31T04:54:28.664Z", "user": 1, "content_type": 8, "object_id": "13", "object_repr": "Okoniwe", "action_flag": 2, "change_message": "[{\"changed\": {\"fields\": [\"Is approved\"]}}]"}}, {"model": "admin.logentry", "pk": 194, "fields": {"action_time": "2023-12-31T04:54:29.963Z", "user": 1, "content_type": 8, "object_id": "12", "object_repr": "jajajake", "action_flag": 2, "change_message": "[{\"changed\": {\"fields\": [\"Is approved\"]}}]"}}, {"model": "admin.logentry", "pk": 195, "fields": {"action_time": "2023-12-31T04:54:31.440Z", "user": 1, "content_type": 8, "object_id": "11", "object_repr": "PeterJona", "action_flag": 2, "change_message": "[{\"changed\": {\"fields\": [\"Is approved\"]}}]"}}, {"model": "admin.logentry", "pk": 196, "fields": {"action_time": "2023-12-31T04:54:32.646Z", "user": 1, "content_type": 8, "object_id": "10", "object_repr": "hsdfsjdfds", "action_flag": 2, "change_message": "[{\"changed\": {\"fields\": [\"Is approved\"]}}]"}}, {"model": "admin.logentry", "pk": 197, "fields": {"action_time": "2023-12-31T08:17:25.770Z", "user": 1, "content_type": 11, "object_id": "29", "object_repr": "chicken 6", "action_flag": 1, "change_message": "[{\"added\": {}}]"}}, {"model": "admin.logentry", "pk": 198, "fields": {"action_time": "2023-12-31T08:25:42.243Z", "user": 1, "content_type": 11, "object_id": "2", "object_repr": "Chicken Wingds", "action_flag": 2, "change_message": "[{\"changed\": {\"fields\": [\"Is available\"]}}]"}}, {"model": "admin.logentry", "pk": 199, "fields": {"action_time": "2023-12-31T08:25:52.934Z", "user": 1, "content_type": 11, "object_id": "2", "object_repr": "Chicken Wingds", "action_flag": 2, "change_message": "[{\"changed\": {\"fields\": [\"Is available\"]}}]"}}, {"model": "admin.logentry", "pk": 200, "fields": {"action_time": "2023-12-31T08:28:57.854Z", "user": 1, "content_type": 11, "object_id": "3", "object_repr": "Tilapia Fish", "action_flag": 2, "change_message": "[{\"changed\": {\"fields\": [\"Is available\"]}}]"}}, {"model": "admin.logentry", "pk": 201, "fields": {"action_time": "2023-12-31T08:29:08.415Z", "user": 1, "content_type": 11, "object_id": "3", "object_repr": "Tilapia Fish", "action_flag": 2, "change_message": "[{\"changed\": {\"fields\": [\"Is available\"]}}]"}}, {"model": "admin.logentry", "pk": 202, "fields": {"action_time": "2023-12-31T08:30:52.507Z", "user": 1, "content_type": 12, "object_id": "23", "object_repr": "Rabbit", "action_flag": 1, "change_message": "[{\"added\": {}}]"}}, {"model": "admin.logentry", "pk": 203, "fields": {"action_time": "2023-12-31T08:31:05.416Z", "user": 1, "content_type": 11, "object_id": "30", "object_repr": "rabitfood", "action_flag": 1, "change_message": "[{\"added\": {}}]"}}, {"model": "admin.logentry", "pk": 204, "fields": {"action_time": "2023-12-31T08:32:47.556Z", "user": 1, "content_type": 11, "object_id": "31", "object_repr": "rabbit leg", "action_flag": 1, "change_message": "[{\"added\": {}}]"}}, {"model": "admin.logentry", "pk": 205, "fields": {"action_time": "2023-12-31T12:02:48.753Z", "user": 1, "content_type": 12, "object_id": "24", "object_repr": "Zebra", "action_flag": 1, "change_message": "[{\"added\": {}}]"}}, {"model": "admin.logentry", "pk": 206, "fields": {"action_time": "2023-12-31T12:03:29.467Z", "user": 1, "content_type": 11, "object_id": "32", "object_repr": "zebra", "action_flag": 1, "change_message": "[{\"added\": {}}]"}}, {"model": "admin.logentry", "pk": 207, "fields": {"action_time": "2024-01-07T05:58:43.811Z", "user": 1, "content_type": 14, "object_id": "1", "object_repr": "openingHour object (1)", "action_flag": 1, "change_message": "[{\"added\": {}}]"}}, {"model": "admin.logentry", "pk": 208, "fields": {"action_time": "2024-01-07T07:35:53.241Z", "user": 1, "content_type": 14, "object_id": "2", "object_repr": "Monday", "action_flag": 1, "change_message": "[{\"added\": {}}]"}}, {"model": "admin.logentry", "pk": 209, "fields": {"action_time": "2024-01-07T09:28:16.686Z", "user": 1, "content_type": 14, "object_id": "2", "object_repr": "Monday", "action_flag": 2, "change_message": "[{\"changed\": {\"fields\": [\"From hour\"]}}]"}}, {"model": "admin.logentry", "pk": 210, "fields": {"action_time": "2024-01-07T09:28:23.079Z", "user": 1, "content_type": 14, "object_id": "2", "object_repr": "Monday", "action_flag": 2, "change_message": "[{\"changed\": {\"fields\": [\"Is closed\"]}}]"}}, {"model": "admin.logentry", "pk": 211, "fields": {"action_time": "2024-01-07T09:29:18.066Z", "user": 1, "content_type": 14, "object_id": "2", "object_repr": "Monday", "action_flag": 2, "change_message": "[]"}}, {"model": "admin.logentry", "pk": 212, "fields": {"action_time": "2024-01-07T09:29:36.449Z", "user": 1, "content_type": 14, "object_id": "3", "object_repr": "Tuesday", "action_flag": 1, "change_message": "[{\"added\": {}}]"}}, {"model": "admin.logentry", "pk": 213, "fields": {"action_time": "2024-01-07T09:30:33.452Z", "user": 1, "content_type": 14, "object_id": "2", "object_repr": "Monday", "action_flag": 2, "change_message": "[{\"changed\": {\"fields\": [\"Is closed\"]}}]"}}, {"model": "admin.logentry", "pk": 214, "fields": {"action_time": "2024-01-07T22:47:23.229Z", "user": 1, "content_type": 14, "object_id": "7", "object_repr": "Saturday", "action_flag": 3, "change_message": ""}}, {"model": "admin.logentry", "pk": 215, "fields": {"action_time": "2024-01-07T22:47:30.820Z", "user": 1, "content_type": 14, "object_id": "6", "object_repr": "Friday", "action_flag": 3, "change_message": ""}}, {"model": "admin.logentry", "pk": 216, "fields": {"action_time": "2024-01-09T18:55:32.670Z", "user": 1, "content_type": 14, "object_id": "77", "object_repr": "Thursday", "action_flag": 3, "change_message": ""}}, {"model": "admin.logentry", "pk": 217, "fields": {"action_time": "2024-01-09T18:55:42.776Z", "user": 1, "content_type": 14, "object_id": "75", "object_repr": "Tuesday", "action_flag": 3, "change_message": ""}}, {"model": "admin.logentry", "pk": 218, "fields": {"action_time": "2024-01-09T18:55:42.792Z", "user": 1, "content_type": 14, "object_id": "76", "object_repr": "Wednesday", "action_flag": 3, "change_message": ""}}, {"model": "admin.logentry", "pk": 219, "fields": {"action_time": "2024-01-09T18:55:58.531Z", "user": 1, "content_type": 14, "object_id": "79", "object_repr": "Thursday", "action_flag": 1, "change_message": "[{\"added\": {}}]"}}, {"model": "admin.logentry", "pk": 220, "fields": {"action_time": "2024-01-12T02:01:50.230Z", "user": 1, "content_type": 14, "object_id": "141", "object_repr": "Tuesday", "action_flag": 1, "change_message": "[{\"added\": {}}]"}}, {"model": "admin.logentry", "pk": 221, "fields": {"action_time": "2024-01-12T02:02:29.441Z", "user": 1, "content_type": 14, "object_id": "142", "object_repr": "Wednesday", "action_flag": 1, "change_message": "[{\"added\": {}}]"}}, {"model": "admin.logentry", "pk": 222, "fields": {"action_time": "2024-01-13T09:10:07.243Z", "user": 1, "content_type": 15, "object_id": "1", "object_repr": "Income Tax", "action_flag": 1, "change_message": "[{\"added\": {}}]"}}, {"model": "admin.logentry", "pk": 223, "fields": {"action_time": "2024-01-13T09:15:10.011Z", "user": 1, "content_type": 15, "object_id": "2", "object_repr": "National Insurance Contributions (NICs)", "action_flag": 1, "change_message": "[{\"added\": {}}]"}}, {"model": "admin.logentry", "pk": 224, "fields": {"action_time": "2024-01-13T09:15:23.773Z", "user": 1, "content_type": 15, "object_id": "3", "object_repr": "Value Added Tax (VAT)", "action_flag": 1, "change_message": "[{\"added\": {}}]"}}, {"model": "admin.logentry", "pk": 225, "fields": {"action_time": "2024-01-13T09:15:37.797Z", "user": 1, "content_type": 15, "object_id": "4", "object_repr": "Corporate Tax", "action_flag": 1, "change_message": "[{\"added\": {}}]"}}, {"model": "admin.logentry", "pk": 226, "fields": {"action_time": "2024-01-13T09:15:46.720Z", "user": 1, "content_type": 15, "object_id": "4", "object_repr": "Corporate Tax", "action_flag": 2, "change_message": "[]"}}, {"model": "admin.logentry", "pk": 227, "fields": {"action_time": "2024-01-13T09:15:50.583Z", "user": 1, "content_type": 15, "object_id": "4", "object_repr": "Corporate Tax", "action_flag": 2, "change_message": "[]"}}, {"model": "admin.logentry", "pk": 228, "fields": {"action_time": "2024-01-13T09:16:01.565Z", "user": 1, "content_type": 15, "object_id": "5", "object_repr": "Capital Gains Tax (CGT)", "action_flag": 1, "change_message": "[{\"added\": {}}]"}}, {"model": "admin.logentry", "pk": 229, "fields": {"action_time": "2024-01-13T14:02:27.760Z", "user": 1, "content_type": 15, "object_id": "2", "object_repr": "National Insurance Contrib(NICs)", "action_flag": 2, "change_message": "[{\"changed\": {\"fields\": [\"Tax type\"]}}]"}}, {"model": "admin.logentry", "pk": 230, "fields": {"action_time": "2024-01-13T16:02:30.251Z", "user": 1, "content_type": 15, "object_id": "5", "object_repr": "Capital Gains Tax (CGT)", "action_flag": 3, "change_message": ""}}, {"model": "admin.logentry", "pk": 231, "fields": {"action_time": "2024-01-13T16:02:30.318Z", "user": 1, "content_type": 15, "object_id": "4", "object_repr": "Corporate Tax", "action_flag": 3, "change_message": ""}}, {"model": "admin.logentry", "pk": 232, "fields": {"action_time": "2024-01-13T16:02:30.323Z", "user": 1, "content_type": 15, "object_id": "1", "object_repr": "Income Tax", "action_flag": 3, "change_message": ""}}, {"model": "admin.logentry", "pk": 233, "fields": {"action_time": "2024-01-13T16:56:13.645Z", "user": 1, "content_type": 15, "object_id": "2", "object_repr": "National Insurance", "action_flag": 2, "change_message": "[{\"changed\": {\"fields\": [\"Tax type\"]}}]"}}, {"model": "admin.logentry", "pk": 234, "fields": {"action_time": "2024-01-13T17:21:01.205Z", "user": 1, "content_type": 15, "object_id": "2", "object_repr": "National Insurance", "action_flag": 2, "change_message": "[{\"changed\": {\"fields\": [\"Tax Percentage (%)\"]}}]"}}, {"model": "admin.logentry", "pk": 235, "fields": {"action_time": "2024-01-13T17:25:18.386Z", "user": 1, "content_type": 15, "object_id": "3", "object_repr": "VAT", "action_flag": 2, "change_message": "[{\"changed\": {\"fields\": [\"Tax type\"]}}]"}}, {"model": "admin.logentry", "pk": 236, "fields": {"action_time": "2024-01-13T17:25:27.856Z", "user": 1, "content_type": 15, "object_id": "2", "object_repr": "NI", "action_flag": 2, "change_message": "[{\"changed\": {\"fields\": [\"Tax type\"]}}]"}}, {"model": "admin.logentry", "pk": 237, "fields": {"action_time": "2024-01-13T17:49:52.334Z", "user": 1, "content_type": 15, "object_id": "6", "object_repr": "mine", "action_flag": 1, "change_message": "[{\"added\": {}}]"}}, {"model": "admin.logentry", "pk": 238, "fields": {"action_time": "2024-01-13T17:51:24.038Z", "user": 1, "content_type": 15, "object_id": "6", "object_repr": "mine", "action_flag": 2, "change_message": "[{\"changed\": {\"fields\": [\"Tax Percentage (%)\"]}}]"}}, {"model": "admin.logentry", "pk": 239, "fields": {"action_time": "2024-01-14T16:33:36.699Z", "user": 1, "content_type": 15, "object_id": "6", "object_repr": "mine", "action_flag": 2, "change_message": "[]"}}, {"model": "admin.logentry", "pk": 240, "fields": {"action_time": "2024-01-14T21:58:57.829Z", "user": 1, "content_type": 6, "object_id": "82", "object_repr": "evansboma@gmail.com", "action_flag": 2, "change_message": "[{\"changed\": {\"fields\": [\"Is superadmin\"]}}]"}}, {"model": "admin.logentry", "pk": 241, "fields": {"action_time": "2024-01-14T22:00:14.606Z", "user": 1, "content_type": 6, "object_id": "82", "object_repr": "evansboma@gmail.com", "action_flag": 2, "change_message": "[{\"changed\": {\"fields\": [\"Is admin\"]}}]"}}, {"model": "admin.logentry", "pk": 242, "fields": {"action_time": "2024-01-14T22:01:23.052Z", "user": 1, "content_type": 6, "object_id": "82", "object_repr": "evansboma@gmail.com", "action_flag": 2, "change_message": "[{\"changed\": {\"fields\": [\"Is admin\", \"Is superadmin\"]}}]"}}, {"model": "admin.logentry", "pk": 243, "fields": {"action_time": "2024-01-19T14:28:19.702Z", "user": 1, "content_type": 7, "object_id": "59", "object_repr": "evanstaku3@gmail.com", "action_flag": 2, "change_message": "[{\"changed\": {\"fields\": [\"PrimaryAddress\", \"Country\", \"State\", \"City\"]}}]"}}, {"model": "admin.logentry", "pk": 244, "fields": {"action_time": "2024-01-29T23:06:19.313Z", "user": 1, "content_type": 17, "object_id": "30", "object_repr": "2024012818450830", "action_flag": 3, "change_message": ""}}, {"model": "admin.logentry", "pk": 245, "fields": {"action_time": "2024-01-29T23:06:19.521Z", "user": 1, "content_type": 17, "object_id": "29", "object_repr": "2024012818410829", "action_flag": 3, "change_message": ""}}, {"model": "admin.logentry", "pk": 246, "fields": {"action_time": "2024-01-29T23:06:19.525Z", "user": 1, "content_type": 17, "object_id": "28", "object_repr": "2024012818361428", "action_flag": 3, "change_message": ""}}, {"model": "admin.logentry", "pk": 247, "fields": {"action_time": "2024-01-29T23:06:19.528Z", "user": 1, "content_type": 17, "object_id": "27", "object_repr": "2024012818081527", "action_flag": 3, "change_message": ""}}, {"model": "admin.logentry", "pk": 248, "fields": {"action_time": "2024-01-29T23:06:19.531Z", "user": 1, "content_type": 17, "object_id": "26", "object_repr": "2024012818074126", "action_flag": 3, "change_message": ""}}, {"model": "admin.logentry", "pk": 249, "fields": {"action_time": "2024-01-29T23:06:19.535Z", "user": 1, "content_type": 17, "object_id": "25", "object_repr": "2024012818055925", "action_flag": 3, "change_message": ""}}, {"model": "admin.logentry", "pk": 250, "fields": {"action_time": "2024-01-29T23:06:19.537Z", "user": 1, "content_type": 17, "object_id": "24", "object_repr": "2024012817580424", "action_flag": 3, "change_message": ""}}, {"model": "admin.logentry", "pk": 251, "fields": {"action_time": "2024-01-29T23:06:19.541Z", "user": 1, "content_type": 17, "object_id": "23", "object_repr": "2024012817535723", "action_flag": 3, "change_message": ""}}, {"model": "admin.logentry", "pk": 252, "fields": {"action_time": "2024-01-29T23:06:19.544Z", "user": 1, "content_type": 17, "object_id": "22", "object_repr": "2024012817453022", "action_flag": 3, "change_message": ""}}, {"model": "admin.logentry", "pk": 253, "fields": {"action_time": "2024-01-29T23:06:19.547Z", "user": 1, "content_type": 17, "object_id": "21", "object_repr": "2024012817441821", "action_flag": 3, "change_message": ""}}, {"model": "admin.logentry", "pk": 254, "fields": {"action_time": "2024-01-29T23:06:19.549Z", "user": 1, "content_type": 17, "object_id": "20", "object_repr": "2024012817415020", "action_flag": 3, "change_message": ""}}, {"model": "admin.logentry", "pk": 255, "fields": {"action_time": "2024-01-29T23:06:19.595Z", "user": 1, "content_type": 17, "object_id": "19", "object_repr": "2024012817344419", "action_flag": 3, "change_message": ""}}, {"model": "admin.logentry", "pk": 256, "fields": {"action_time": "2024-01-29T23:06:19.598Z", "user": 1, "content_type": 17, "object_id": "18", "object_repr": "2024012817340318", "action_flag": 3, "change_message": ""}}, {"model": "admin.logentry", "pk": 257, "fields": {"action_time": "2024-01-29T23:06:19.600Z", "user": 1, "content_type": 17, "object_id": "17", "object_repr": "2024012800052017", "action_flag": 3, "change_message": ""}}, {"model": "admin.logentry", "pk": 258, "fields": {"action_time": "2024-01-29T23:06:19.603Z", "user": 1, "content_type": 17, "object_id": "16", "object_repr": "2024012722111216", "action_flag": 3, "change_message": ""}}, {"model": "admin.logentry", "pk": 259, "fields": {"action_time": "2024-01-29T23:06:19.605Z", "user": 1, "content_type": 17, "object_id": "15", "object_repr": "2024012722094115", "action_flag": 3, "change_message": ""}}, {"model": "admin.logentry", "pk": 260, "fields": {"action_time": "2024-01-29T23:06:19.609Z", "user": 1, "content_type": 17, "object_id": "14", "object_repr": "2024012721584814", "action_flag": 3, "change_message": ""}}, {"model": "admin.logentry", "pk": 261, "fields": {"action_time": "2024-01-29T23:06:19.611Z", "user": 1, "content_type": 17, "object_id": "13", "object_repr": "2024012721475913", "action_flag": 3, "change_message": ""}}, {"model": "admin.logentry", "pk": 262, "fields": {"action_time": "2024-01-29T23:06:19.614Z", "user": 1, "content_type": 17, "object_id": "12", "object_repr": "2024012721393912", "action_flag": 3, "change_message": ""}}, {"model": "admin.logentry", "pk": 263, "fields": {"action_time": "2024-01-29T23:06:19.617Z", "user": 1, "content_type": 17, "object_id": "11", "object_repr": "2024012721252111", "action_flag": 3, "change_message": ""}}, {"model": "admin.logentry", "pk": 264, "fields": {"action_time": "2024-01-29T23:06:19.619Z", "user": 1, "content_type": 17, "object_id": "10", "object_repr": "2024012721214110", "action_flag": 3, "change_message": ""}}, {"model": "admin.logentry", "pk": 265, "fields": {"action_time": "2024-01-29T23:06:19.622Z", "user": 1, "content_type": 17, "object_id": "9", "object_repr": "202401272113519", "action_flag": 3, "change_message": ""}}, {"model": "admin.logentry", "pk": 266, "fields": {"action_time": "2024-01-29T23:06:19.625Z", "user": 1, "content_type": 17, "object_id": "8", "object_repr": "202401272104458", "action_flag": 3, "change_message": ""}}, {"model": "admin.logentry", "pk": 267, "fields": {"action_time": "2024-01-29T23:06:19.628Z", "user": 1, "content_type": 17, "object_id": "7", "object_repr": "202401272058537", "action_flag": 3, "change_message": ""}}, {"model": "admin.logentry", "pk": 268, "fields": {"action_time": "2024-01-29T23:06:19.631Z", "user": 1, "content_type": 17, "object_id": "6", "object_repr": "202401272032556", "action_flag": 3, "change_message": ""}}, {"model": "admin.logentry", "pk": 269, "fields": {"action_time": "2024-01-29T23:06:19.633Z", "user": 1, "content_type": 17, "object_id": "5", "object_repr": "202401210306255", "action_flag": 3, "change_message": ""}}, {"model": "admin.logentry", "pk": 270, "fields": {"action_time": "2024-01-29T23:06:19.636Z", "user": 1, "content_type": 17, "object_id": "4", "object_repr": "202401210253104", "action_flag": 3, "change_message": ""}}, {"model": "admin.logentry", "pk": 271, "fields": {"action_time": "2024-01-29T23:06:19.639Z", "user": 1, "content_type": 17, "object_id": "3", "object_repr": "202401210155093", "action_flag": 3, "change_message": ""}}, {"model": "admin.logentry", "pk": 272, "fields": {"action_time": "2024-01-30T18:03:55.570Z", "user": 1, "content_type": 11, "object_id": "8", "object_repr": "Giant burger", "action_flag": 2, "change_message": "[{\"changed\": {\"fields\": [\"Price\"]}}]"}}, {"model": "admin.logentry", "pk": 273, "fields": {"action_time": "2024-01-30T20:27:58.298Z", "user": 1, "content_type": 15, "object_id": "7", "object_repr": "Test", "action_flag": 2, "change_message": "[{\"changed\": {\"fields\": [\"Tax Percentage (%)\"]}}]"}}, {"model": "admin.logentry", "pk": 274, "fields": {"action_time": "2024-01-30T20:28:06.822Z", "user": 1, "content_type": 15, "object_id": "6", "object_repr": "mine", "action_flag": 2, "change_message": "[{\"changed\": {\"fields\": [\"Tax Percentage (%)\"]}}]"}}, {"model": "admin.logentry", "pk": 275, "fields": {"action_time": "2024-01-30T20:28:15.042Z", "user": 1, "content_type": 15, "object_id": "3", "object_repr": "VAT", "action_flag": 2, "change_message": "[{\"changed\": {\"fields\": [\"Tax Percentage (%)\"]}}]"}}, {"model": "admin.logentry", "pk": 276, "fields": {"action_time": "2024-01-30T20:28:26.932Z", "user": 1, "content_type": 15, "object_id": "2", "object_repr": "NI", "action_flag": 2, "change_message": "[{\"changed\": {\"fields\": [\"Tax Percentage (%)\"]}}]"}}, {"model": "admin.logentry", "pk": 277, "fields": {"action_time": "2024-01-30T20:28:48.636Z", "user": 1, "content_type": 11, "object_id": "8", "object_repr": "Giant burger", "action_flag": 2, "change_message": "[{\"changed\": {\"fields\": [\"Price\"]}}]"}}, {"model": "admin.logentry", "pk": 278, "fields": {"action_time": "2024-01-30T20:38:29.127Z", "user": 1, "content_type": 11, "object_id": "8", "object_repr": "Giant burger", "action_flag": 2, "change_message": "[{\"changed\": {\"fields\": [\"Price\"]}}]"}}, {"model": "admin.logentry", "pk": 279, "fields": {"action_time": "2024-01-30T20:38:30.772Z", "user": 1, "content_type": 13, "object_id": "213", "object_repr": "Cart object (213)", "action_flag": 2, "change_message": "[]"}}, {"model": "admin.logentry", "pk": 280, "fields": {"action_time": "2024-01-31T19:33:18.110Z", "user": 1, "content_type": 11, "object_id": "28", "object_repr": "Burger one black", "action_flag": 2, "change_message": "[{\"changed\": {\"fields\": [\"Price\"]}}]"}}, {"model": "admin.logentry", "pk": 281, "fields": {"action_time": "2024-01-31T19:33:20.487Z", "user": 1, "content_type": 13, "object_id": "220", "object_repr": "Cart object (220)", "action_flag": 2, "change_message": "[]"}}, {"model": "admin.logentry", "pk": 282, "fields": {"action_time": "2024-02-07T01:22:31.715Z", "user": 1, "content_type": 17, "object_id": "126", "object_repr": "20240206213214126", "action_flag": 2, "change_message": "[{\"changed\": {\"fields\": [\"User\", \"Email\"]}}]"}}, {"model": "admin.logentry", "pk": 283, "fields": {"action_time": "2024-02-07T01:24:46.947Z", "user": 1, "content_type": 17, "object_id": "127", "object_repr": "20240206214428127", "action_flag": 2, "change_message": "[{\"changed\": {\"fields\": [\"Is ordered\"]}}]"}}, {"model": "admin.logentry", "pk": 284, "fields": {"action_time": "2024-02-07T01:28:39.996Z", "user": 1, "content_type": 17, "object_id": "127", "object_repr": "20240206214428127", "action_flag": 2, "change_message": "[{\"changed\": {\"fields\": [\"Is ordered\"]}}]"}}, {"model": "admin.logentry", "pk": 285, "fields": {"action_time": "2024-02-07T01:30:27.314Z", "user": 1, "content_type": 17, "object_id": "119", "object_repr": "20240205194513119", "action_flag": 3, "change_message": ""}}, {"model": "admin.logentry", "pk": 286, "fields": {"action_time": "2024-02-07T01:30:27.321Z", "user": 1, "content_type": 17, "object_id": "118", "object_repr": "20240205193649118", "action_flag": 3, "change_message": ""}}, {"model": "admin.logentry", "pk": 287, "fields": {"action_time": "2024-02-07T01:30:27.323Z", "user": 1, "content_type": 17, "object_id": "117", "object_repr": "20240205184129117", "action_flag": 3, "change_message": ""}}, {"model": "admin.logentry", "pk": 288, "fields": {"action_time": "2024-02-07T01:30:27.326Z", "user": 1, "content_type": 17, "object_id": "116", "object_repr": "20240205063422116", "action_flag": 3, "change_message": ""}}, {"model": "admin.logentry", "pk": 289, "fields": {"action_time": "2024-02-07T01:30:27.328Z", "user": 1, "content_type": 17, "object_id": "115", "object_repr": "20240205063256115", "action_flag": 3, "change_message": ""}}, {"model": "admin.logentry", "pk": 290, "fields": {"action_time": "2024-02-07T01:30:27.330Z", "user": 1, "content_type": 17, "object_id": "114", "object_repr": "20240205060506114", "action_flag": 3, "change_message": ""}}, {"model": "admin.logentry", "pk": 291, "fields": {"action_time": "2024-02-07T01:30:27.333Z", "user": 1, "content_type": 17, "object_id": "113", "object_repr": "20240205060309113", "action_flag": 3, "change_message": ""}}, {"model": "admin.logentry", "pk": 292, "fields": {"action_time": "2024-02-07T01:30:27.334Z", "user": 1, "content_type": 17, "object_id": "112", "object_repr": "20240205060029112", "action_flag": 3, "change_message": ""}}, {"model": "admin.logentry", "pk": 293, "fields": {"action_time": "2024-02-07T01:30:27.336Z", "user": 1, "content_type": 17, "object_id": "111", "object_repr": "20240205055410111", "action_flag": 3, "change_message": ""}}, {"model": "admin.logentry", "pk": 294, "fields": {"action_time": "2024-02-07T01:30:27.338Z", "user": 1, "content_type": 17, "object_id": "110", "object_repr": "20240205053756110", "action_flag": 3, "change_message": ""}}, {"model": "admin.logentry", "pk": 295, "fields": {"action_time": "2024-02-07T01:30:27.341Z", "user": 1, "content_type": 17, "object_id": "109", "object_repr": "20240205040131109", "action_flag": 3, "change_message": ""}}, {"model": "admin.logentry", "pk": 296, "fields": {"action_time": "2024-02-07T01:30:27.343Z", "user": 1, "content_type": 17, "object_id": "108", "object_repr": "20240205040005108", "action_flag": 3, "change_message": ""}}, {"model": "admin.logentry", "pk": 297, "fields": {"action_time": "2024-02-07T01:30:27.345Z", "user": 1, "content_type": 17, "object_id": "107", "object_repr": "20240205035524107", "action_flag": 3, "change_message": ""}}, {"model": "admin.logentry", "pk": 298, "fields": {"action_time": "2024-02-07T01:30:27.347Z", "user": 1, "content_type": 17, "object_id": "106", "object_repr": "20240205034847106", "action_flag": 3, "change_message": ""}}, {"model": "admin.logentry", "pk": 299, "fields": {"action_time": "2024-02-07T01:30:27.349Z", "user": 1, "content_type": 17, "object_id": "105", "object_repr": "20240205033036105", "action_flag": 3, "change_message": ""}}, {"model": "admin.logentry", "pk": 300, "fields": {"action_time": "2024-02-07T01:30:27.351Z", "user": 1, "content_type": 17, "object_id": "104", "object_repr": "20240205032821104", "action_flag": 3, "change_message": ""}}, {"model": "admin.logentry", "pk": 301, "fields": {"action_time": "2024-02-07T01:30:27.353Z", "user": 1, "content_type": 17, "object_id": "103", "object_repr": "20240205032132103", "action_flag": 3, "change_message": ""}}, {"model": "admin.logentry", "pk": 302, "fields": {"action_time": "2024-02-07T01:30:27.355Z", "user": 1, "content_type": 17, "object_id": "102", "object_repr": "20240205031931102", "action_flag": 3, "change_message": ""}}, {"model": "admin.logentry", "pk": 303, "fields": {"action_time": "2024-02-07T01:30:27.357Z", "user": 1, "content_type": 17, "object_id": "101", "object_repr": "20240205031642101", "action_flag": 3, "change_message": ""}}, {"model": "admin.logentry", "pk": 304, "fields": {"action_time": "2024-02-07T01:30:27.359Z", "user": 1, "content_type": 17, "object_id": "100", "object_repr": "20240205031442100", "action_flag": 3, "change_message": ""}}, {"model": "admin.logentry", "pk": 305, "fields": {"action_time": "2024-02-07T01:30:27.361Z", "user": 1, "content_type": 17, "object_id": "99", "object_repr": "2024020502522199", "action_flag": 3, "change_message": ""}}, {"model": "admin.logentry", "pk": 306, "fields": {"action_time": "2024-02-07T01:30:27.363Z", "user": 1, "content_type": 17, "object_id": "98", "object_repr": "2024020502452498", "action_flag": 3, "change_message": ""}}, {"model": "admin.logentry", "pk": 307, "fields": {"action_time": "2024-02-07T01:30:27.365Z", "user": 1, "content_type": 17, "object_id": "97", "object_repr": "2024020402330897", "action_flag": 3, "change_message": ""}}, {"model": "admin.logentry", "pk": 308, "fields": {"action_time": "2024-02-07T01:30:27.367Z", "user": 1, "content_type": 17, "object_id": "96", "object_repr": "2024020402255996", "action_flag": 3, "change_message": ""}}, {"model": "admin.logentry", "pk": 309, "fields": {"action_time": "2024-02-07T01:30:27.369Z", "user": 1, "content_type": 17, "object_id": "95", "object_repr": "2024020402214195", "action_flag": 3, "change_message": ""}}, {"model": "admin.logentry", "pk": 310, "fields": {"action_time": "2024-02-07T01:30:27.371Z", "user": 1, "content_type": 17, "object_id": "94", "object_repr": "2024020402154294", "action_flag": 3, "change_message": ""}}, {"model": "admin.logentry", "pk": 311, "fields": {"action_time": "2024-02-07T01:30:27.373Z", "user": 1, "content_type": 17, "object_id": "93", "object_repr": "2024020402125193", "action_flag": 3, "change_message": ""}}, {"model": "admin.logentry", "pk": 312, "fields": {"action_time": "2024-02-07T01:30:27.375Z", "user": 1, "content_type": 17, "object_id": "92", "object_repr": "2024020402112592", "action_flag": 3, "change_message": ""}}, {"model": "admin.logentry", "pk": 313, "fields": {"action_time": "2024-02-07T01:30:27.377Z", "user": 1, "content_type": 17, "object_id": "91", "object_repr": "2024020402105391", "action_flag": 3, "change_message": ""}}, {"model": "admin.logentry", "pk": 314, "fields": {"action_time": "2024-02-07T01:30:27.379Z", "user": 1, "content_type": 17, "object_id": "90", "object_repr": "2024020402085490", "action_flag": 3, "change_message": ""}}, {"model": "admin.logentry", "pk": 315, "fields": {"action_time": "2024-02-07T01:30:27.381Z", "user": 1, "content_type": 17, "object_id": "89", "object_repr": "2024020402035289", "action_flag": 3, "change_message": ""}}, {"model": "admin.logentry", "pk": 316, "fields": {"action_time": "2024-02-07T01:30:27.384Z", "user": 1, "content_type": 17, "object_id": "88", "object_repr": "2024020402000788", "action_flag": 3, "change_message": ""}}, {"model": "admin.logentry", "pk": 317, "fields": {"action_time": "2024-02-07T01:30:27.386Z", "user": 1, "content_type": 17, "object_id": "87", "object_repr": "2024020401591987", "action_flag": 3, "change_message": ""}}, {"model": "admin.logentry", "pk": 318, "fields": {"action_time": "2024-02-07T01:30:27.388Z", "user": 1, "content_type": 17, "object_id": "86", "object_repr": "2024020401571586", "action_flag": 3, "change_message": ""}}, {"model": "admin.logentry", "pk": 319, "fields": {"action_time": "2024-02-07T01:30:27.390Z", "user": 1, "content_type": 17, "object_id": "85", "object_repr": "2024020401483785", "action_flag": 3, "change_message": ""}}, {"model": "admin.logentry", "pk": 320, "fields": {"action_time": "2024-02-07T01:30:27.392Z", "user": 1, "content_type": 17, "object_id": "84", "object_repr": "2024020401464384", "action_flag": 3, "change_message": ""}}, {"model": "admin.logentry", "pk": 321, "fields": {"action_time": "2024-02-07T01:30:27.394Z", "user": 1, "content_type": 17, "object_id": "83", "object_repr": "2024020401443483", "action_flag": 3, "change_message": ""}}, {"model": "admin.logentry", "pk": 322, "fields": {"action_time": "2024-02-07T01:30:27.396Z", "user": 1, "content_type": 17, "object_id": "82", "object_repr": "2024020401430382", "action_flag": 3, "change_message": ""}}, {"model": "admin.logentry", "pk": 323, "fields": {"action_time": "2024-02-07T01:30:27.398Z", "user": 1, "content_type": 17, "object_id": "81", "object_repr": "2024020401360881", "action_flag": 3, "change_message": ""}}, {"model": "admin.logentry", "pk": 324, "fields": {"action_time": "2024-02-07T01:30:27.400Z", "user": 1, "content_type": 17, "object_id": "80", "object_repr": "2024020401261380", "action_flag": 3, "change_message": ""}}, {"model": "admin.logentry", "pk": 325, "fields": {"action_time": "2024-02-07T01:30:27.402Z", "user": 1, "content_type": 17, "object_id": "79", "object_repr": "2024020401191179", "action_flag": 3, "change_message": ""}}, {"model": "admin.logentry", "pk": 326, "fields": {"action_time": "2024-02-07T01:30:27.404Z", "user": 1, "content_type": 17, "object_id": "78", "object_repr": "2024020401150978", "action_flag": 3, "change_message": ""}}, {"model": "admin.logentry", "pk": 327, "fields": {"action_time": "2024-02-07T01:30:27.406Z", "user": 1, "content_type": 17, "object_id": "77", "object_repr": "2024020400380577", "action_flag": 3, "change_message": ""}}, {"model": "admin.logentry", "pk": 328, "fields": {"action_time": "2024-02-07T01:30:27.408Z", "user": 1, "content_type": 17, "object_id": "76", "object_repr": "2024020400330076", "action_flag": 3, "change_message": ""}}, {"model": "admin.logentry", "pk": 329, "fields": {"action_time": "2024-02-07T01:30:27.410Z", "user": 1, "content_type": 17, "object_id": "75", "object_repr": "2024020400300475", "action_flag": 3, "change_message": ""}}, {"model": "admin.logentry", "pk": 330, "fields": {"action_time": "2024-02-07T01:30:27.412Z", "user": 1, "content_type": 17, "object_id": "74", "object_repr": "2024020400222774", "action_flag": 3, "change_message": ""}}, {"model": "admin.logentry", "pk": 331, "fields": {"action_time": "2024-02-07T01:30:27.414Z", "user": 1, "content_type": 17, "object_id": "73", "object_repr": "2024020323582973", "action_flag": 3, "change_message": ""}}, {"model": "admin.logentry", "pk": 332, "fields": {"action_time": "2024-02-07T01:30:27.416Z", "user": 1, "content_type": 17, "object_id": "72", "object_repr": "2024020319543672", "action_flag": 3, "change_message": ""}}, {"model": "admin.logentry", "pk": 333, "fields": {"action_time": "2024-02-07T01:30:27.418Z", "user": 1, "content_type": 17, "object_id": "71", "object_repr": "2024020315403671", "action_flag": 3, "change_message": ""}}, {"model": "admin.logentry", "pk": 334, "fields": {"action_time": "2024-02-07T01:30:27.478Z", "user": 1, "content_type": 17, "object_id": "70", "object_repr": "2024020315365170", "action_flag": 3, "change_message": ""}}, {"model": "admin.logentry", "pk": 335, "fields": {"action_time": "2024-02-07T01:30:27.480Z", "user": 1, "content_type": 17, "object_id": "69", "object_repr": "2024020313004669", "action_flag": 3, "change_message": ""}}, {"model": "admin.logentry", "pk": 336, "fields": {"action_time": "2024-02-07T01:30:27.482Z", "user": 1, "content_type": 17, "object_id": "68", "object_repr": "2024020222283068", "action_flag": 3, "change_message": ""}}, {"model": "admin.logentry", "pk": 337, "fields": {"action_time": "2024-02-07T01:30:27.484Z", "user": 1, "content_type": 17, "object_id": "67", "object_repr": "2024020222152867", "action_flag": 3, "change_message": ""}}, {"model": "admin.logentry", "pk": 338, "fields": {"action_time": "2024-02-07T01:30:27.486Z", "user": 1, "content_type": 17, "object_id": "66", "object_repr": "2024020222082866", "action_flag": 3, "change_message": ""}}, {"model": "admin.logentry", "pk": 339, "fields": {"action_time": "2024-02-07T01:30:27.487Z", "user": 1, "content_type": 17, "object_id": "65", "object_repr": "2024020222042765", "action_flag": 3, "change_message": ""}}, {"model": "admin.logentry", "pk": 340, "fields": {"action_time": "2024-02-07T01:30:27.489Z", "user": 1, "content_type": 17, "object_id": "64", "object_repr": "2024020221332064", "action_flag": 3, "change_message": ""}}, {"model": "admin.logentry", "pk": 341, "fields": {"action_time": "2024-02-07T01:30:27.491Z", "user": 1, "content_type": 17, "object_id": "63", "object_repr": "2024020221310363", "action_flag": 3, "change_message": ""}}, {"model": "admin.logentry", "pk": 342, "fields": {"action_time": "2024-02-07T01:30:27.493Z", "user": 1, "content_type": 17, "object_id": "62", "object_repr": "2024020217052162", "action_flag": 3, "change_message": ""}}, {"model": "admin.logentry", "pk": 343, "fields": {"action_time": "2024-02-07T01:30:27.495Z", "user": 1, "content_type": 17, "object_id": "61", "object_repr": "2024013119335461", "action_flag": 3, "change_message": ""}}, {"model": "admin.logentry", "pk": 344, "fields": {"action_time": "2024-02-07T01:30:27.496Z", "user": 1, "content_type": 17, "object_id": "60", "object_repr": "2024013119192060", "action_flag": 3, "change_message": ""}}, {"model": "admin.logentry", "pk": 345, "fields": {"action_time": "2024-02-07T01:30:27.497Z", "user": 1, "content_type": 17, "object_id": "59", "object_repr": "2024013021192359", "action_flag": 3, "change_message": ""}}, {"model": "admin.logentry", "pk": 346, "fields": {"action_time": "2024-02-07T01:30:27.499Z", "user": 1, "content_type": 17, "object_id": "58", "object_repr": "2024013021134858", "action_flag": 3, "change_message": ""}}, {"model": "admin.logentry", "pk": 347, "fields": {"action_time": "2024-02-07T01:30:27.502Z", "user": 1, "content_type": 17, "object_id": "57", "object_repr": "2024013021081757", "action_flag": 3, "change_message": ""}}, {"model": "admin.logentry", "pk": 348, "fields": {"action_time": "2024-02-07T01:30:27.503Z", "user": 1, "content_type": 17, "object_id": "56", "object_repr": "2024013021064056", "action_flag": 3, "change_message": ""}}, {"model": "admin.logentry", "pk": 349, "fields": {"action_time": "2024-02-07T01:30:27.505Z", "user": 1, "content_type": 17, "object_id": "55", "object_repr": "2024013021020355", "action_flag": 3, "change_message": ""}}, {"model": "admin.logentry", "pk": 350, "fields": {"action_time": "2024-02-07T01:30:27.507Z", "user": 1, "content_type": 17, "object_id": "54", "object_repr": "2024013021003354", "action_flag": 3, "change_message": ""}}, {"model": "admin.logentry", "pk": 351, "fields": {"action_time": "2024-02-07T01:30:27.509Z", "user": 1, "content_type": 17, "object_id": "53", "object_repr": "2024013020595353", "action_flag": 3, "change_message": ""}}, {"model": "admin.logentry", "pk": 352, "fields": {"action_time": "2024-02-07T01:30:27.511Z", "user": 1, "content_type": 17, "object_id": "52", "object_repr": "2024013020583952", "action_flag": 3, "change_message": ""}}, {"model": "admin.logentry", "pk": 353, "fields": {"action_time": "2024-02-07T01:30:27.513Z", "user": 1, "content_type": 17, "object_id": "51", "object_repr": "2024013020560251", "action_flag": 3, "change_message": ""}}, {"model": "admin.logentry", "pk": 354, "fields": {"action_time": "2024-02-07T01:30:27.515Z", "user": 1, "content_type": 17, "object_id": "50", "object_repr": "2024013020545850", "action_flag": 3, "change_message": ""}}, {"model": "admin.logentry", "pk": 355, "fields": {"action_time": "2024-02-07T01:30:27.516Z", "user": 1, "content_type": 17, "object_id": "49", "object_repr": "2024013020390549", "action_flag": 3, "change_message": ""}}, {"model": "admin.logentry", "pk": 356, "fields": {"action_time": "2024-02-07T01:30:27.518Z", "user": 1, "content_type": 17, "object_id": "48", "object_repr": "2024013020351348", "action_flag": 3, "change_message": ""}}, {"model": "admin.logentry", "pk": 357, "fields": {"action_time": "2024-02-07T01:30:27.520Z", "user": 1, "content_type": 17, "object_id": "47", "object_repr": "2024013020325247", "action_flag": 3, "change_message": ""}}, {"model": "admin.logentry", "pk": 358, "fields": {"action_time": "2024-02-07T01:30:27.522Z", "user": 1, "content_type": 17, "object_id": "46", "object_repr": "2024013018043346", "action_flag": 3, "change_message": ""}}, {"model": "admin.logentry", "pk": 359, "fields": {"action_time": "2024-02-07T01:30:27.523Z", "user": 1, "content_type": 17, "object_id": "45", "object_repr": "2024013017565245", "action_flag": 3, "change_message": ""}}, {"model": "admin.logentry", "pk": 360, "fields": {"action_time": "2024-02-07T01:30:27.525Z", "user": 1, "content_type": 17, "object_id": "44", "object_repr": "2024013017172344", "action_flag": 3, "change_message": ""}}, {"model": "admin.logentry", "pk": 361, "fields": {"action_time": "2024-02-07T01:30:27.527Z", "user": 1, "content_type": 17, "object_id": "43", "object_repr": "2024013002470143", "action_flag": 3, "change_message": ""}}, {"model": "admin.logentry", "pk": 362, "fields": {"action_time": "2024-02-07T01:30:27.529Z", "user": 1, "content_type": 17, "object_id": "42", "object_repr": "2024013002432742", "action_flag": 3, "change_message": ""}}, {"model": "admin.logentry", "pk": 363, "fields": {"action_time": "2024-02-07T01:30:27.531Z", "user": 1, "content_type": 17, "object_id": "41", "object_repr": "2024013002425041", "action_flag": 3, "change_message": ""}}, {"model": "admin.logentry", "pk": 364, "fields": {"action_time": "2024-02-07T01:30:27.532Z", "user": 1, "content_type": 17, "object_id": "40", "object_repr": "2024013002421140", "action_flag": 3, "change_message": ""}}, {"model": "admin.logentry", "pk": 365, "fields": {"action_time": "2024-02-07T01:30:27.534Z", "user": 1, "content_type": 17, "object_id": "35", "object_repr": "2024013000515835", "action_flag": 3, "change_message": ""}}, {"model": "admin.logentry", "pk": 366, "fields": {"action_time": "2024-02-07T01:30:27.536Z", "user": 1, "content_type": 17, "object_id": "34", "object_repr": "2024013000482734", "action_flag": 3, "change_message": ""}}, {"model": "admin.logentry", "pk": 367, "fields": {"action_time": "2024-02-07T01:30:27.538Z", "user": 1, "content_type": 17, "object_id": "33", "object_repr": "2024013000461433", "action_flag": 3, "change_message": ""}}, {"model": "admin.logentry", "pk": 368, "fields": {"action_time": "2024-02-07T01:30:27.539Z", "user": 1, "content_type": 17, "object_id": "32", "object_repr": "2024013000402832", "action_flag": 3, "change_message": ""}}, {"model": "admin.logentry", "pk": 369, "fields": {"action_time": "2024-02-07T01:30:27.541Z", "user": 1, "content_type": 17, "object_id": "31", "object_repr": "2024012923070631", "action_flag": 3, "change_message": ""}}, {"model": "admin.logentry", "pk": 370, "fields": {"action_time": "2024-02-07T01:30:27.543Z", "user": 1, "content_type": 17, "object_id": "2", "object_repr": "20240121015025None", "action_flag": 3, "change_message": ""}}, {"model": "admin.logentry", "pk": 371, "fields": {"action_time": "2024-02-07T01:30:27.544Z", "user": 1, "content_type": 17, "object_id": "1", "object_repr": "123", "action_flag": 3, "change_message": ""}}, {"model": "admin.logentry", "pk": 372, "fields": {"action_time": "2024-02-07T01:30:52.513Z", "user": 1, "content_type": 17, "object_id": "127", "object_repr": "20240206214428127", "action_flag": 2, "change_message": "[{\"changed\": {\"fields\": [\"User\", \"Is ordered\"]}}]"}}, {"model": "admin.logentry", "pk": 373, "fields": {"action_time": "2024-02-07T01:31:23.517Z", "user": 1, "content_type": 17, "object_id": "127", "object_repr": "20240206214428127", "action_flag": 2, "change_message": "[{\"changed\": {\"fields\": [\"First name\"]}}]"}}, {"model": "admin.logentry", "pk": 374, "fields": {"action_time": "2024-02-07T01:33:58.989Z", "user": 1, "content_type": 17, "object_id": "126", "object_repr": "20240206213214126", "action_flag": 2, "change_message": "[{\"changed\": {\"fields\": [\"First name\", \"Is ordered\"]}}]"}}, {"model": "admin.logentry", "pk": 375, "fields": {"action_time": "2024-02-07T01:35:15.956Z", "user": 1, "content_type": 17, "object_id": "127", "object_repr": "20240206214428127", "action_flag": 2, "change_message": "[{\"changed\": {\"fields\": [\"Is ordered\"]}}]"}}, {"model": "admin.logentry", "pk": 376, "fields": {"action_time": "2024-02-08T21:20:32.595Z", "user": 1, "content_type": 17, "object_id": "126", "object_repr": "20240206213214126", "action_flag": 2, "change_message": "[{\"changed\": {\"fields\": [\"Is ordered\"]}}]"}}, {"model": "admin.logentry", "pk": 377, "fields": {"action_time": "2024-02-09T17:02:24.558Z", "user": 1, "content_type": 17, "object_id": "127", "object_repr": "20240206214428127", "action_flag": 3, "change_message": ""}}, {"model": "admin.logentry", "pk": 378, "fields": {"action_time": "2024-02-09T17:02:24.580Z", "user": 1, "content_type": 17, "object_id": "126", "object_repr": "20240206213214126", "action_flag": 3, "change_message": ""}}, {"model": "admin.logentry", "pk": 379, "fields": {"action_time": "2024-02-09T17:02:24.583Z", "user": 1, "content_type": 17, "object_id": "125", "object_repr": "20240205232525125", "action_flag": 3, "change_message": ""}}, {"model": "admin.logentry", "pk": 380, "fields": {"action_time": "2024-02-09T17:02:24.585Z", "user": 1, "content_type": 17, "object_id": "124", "object_repr": "20240205231538124", "action_flag": 3, "change_message": ""}}, {"model": "admin.logentry", "pk": 381, "fields": {"action_time": "2024-02-09T17:02:24.587Z", "user": 1, "content_type": 17, "object_id": "123", "object_repr": "20240205224844123", "action_flag": 3, "change_message": ""}}, {"model": "admin.logentry", "pk": 382, "fields": {"action_time": "2024-02-09T17:02:24.590Z", "user": 1, "content_type": 17, "object_id": "122", "object_repr": "20240205220245122", "action_flag": 3, "change_message": ""}}, {"model": "admin.logentry", "pk": 383, "fields": {"action_time": "2024-02-09T17:02:24.592Z", "user": 1, "content_type": 17, "object_id": "121", "object_repr": "20240205214534121", "action_flag": 3, "change_message": ""}}, {"model": "admin.logentry", "pk": 384, "fields": {"action_time": "2024-02-09T17:02:24.594Z", "user": 1, "content_type": 17, "object_id": "120", "object_repr": "20240205214337120", "action_flag": 3, "change_message": ""}}, {"model": "admin.logentry", "pk": 385, "fields": {"action_time": "2024-02-09T17:02:24.596Z", "user": 1, "content_type": 17, "object_id": "39", "object_repr": "2024013002414339", "action_flag": 3, "change_message": ""}}, {"model": "admin.logentry", "pk": 386, "fields": {"action_time": "2024-02-09T17:02:24.597Z", "user": 1, "content_type": 17, "object_id": "38", "object_repr": "2024013002363738", "action_flag": 3, "change_message": ""}}, {"model": "admin.logentry", "pk": 387, "fields": {"action_time": "2024-02-09T17:02:24.599Z", "user": 1, "content_type": 17, "object_id": "37", "object_repr": "2024013002265737", "action_flag": 3, "change_message": ""}}, {"model": "admin.logentry", "pk": 388, "fields": {"action_time": "2024-02-09T17:02:24.600Z", "user": 1, "content_type": 17, "object_id": "36", "object_repr": "2024013001024036", "action_flag": 3, "change_message": ""}}, {"model": "admin.logentry", "pk": 389, "fields": {"action_time": "2024-02-09T17:04:13.420Z", "user": 1, "content_type": 17, "object_id": "128", "object_repr": "778888347374", "action_flag": 1, "change_message": "[{\"added\": {}}]"}}, {"model": "admin.logentry", "pk": 390, "fields": {"action_time": "2024-02-09T23:50:59.042Z", "user": 1, "content_type": 17, "object_id": "130", "object_repr": "20240209234848130", "action_flag": 2, "change_message": "[{\"changed\": {\"fields\": [\"Vendors\"]}}]"}}, {"model": "admin.logentry", "pk": 391, "fields": {"action_time": "2024-02-09T23:52:31.551Z", "user": 1, "content_type": 17, "object_id": "130", "object_repr": "20240209234848130", "action_flag": 2, "change_message": "[{\"changed\": {\"fields\": [\"User\"]}}]"}}, {"model": "admin.logentry", "pk": 392, "fields": {"action_time": "2024-02-09T23:53:55.919Z", "user": 1, "content_type": 17, "object_id": "130", "object_repr": "20240209234848130", "action_flag": 2, "change_message": "[{\"changed\": {\"fields\": [\"User\", \"Vendors\"]}}]"}}, {"model": "admin.logentry", "pk": 393, "fields": {"action_time": "2024-02-16T01:41:11.738Z", "user": 1, "content_type": 17, "object_id": "147", "object_repr": "20240214160432147", "action_flag": 3, "change_message": ""}}, {"model": "admin.logentry", "pk": 394, "fields": {"action_time": "2024-02-16T01:41:12.000Z", "user": 1, "content_type": 17, "object_id": "146", "object_repr": "20240214144534146", "action_flag": 3, "change_message": ""}}, {"model": "admin.logentry", "pk": 395, "fields": {"action_time": "2024-02-16T01:41:12.004Z", "user": 1, "content_type": 17, "object_id": "145", "object_repr": "20240214141730145", "action_flag": 3, "change_message": ""}}, {"model": "admin.logentry", "pk": 396, "fields": {"action_time": "2024-02-16T01:41:12.007Z", "user": 1, "content_type": 17, "object_id": "144", "object_repr": "20240214140506144", "action_flag": 3, "change_message": ""}}, {"model": "admin.logentry", "pk": 397, "fields": {"action_time": "2024-02-16T01:41:12.010Z", "user": 1, "content_type": 17, "object_id": "143", "object_repr": "20240212232320143", "action_flag": 3, "change_message": ""}}, {"model": "admin.logentry", "pk": 398, "fields": {"action_time": "2024-02-16T01:41:12.012Z", "user": 1, "content_type": 17, "object_id": "142", "object_repr": "20240212231743142", "action_flag": 3, "change_message": ""}}, {"model": "admin.logentry", "pk": 399, "fields": {"action_time": "2024-02-16T01:41:12.015Z", "user": 1, "content_type": 17, "object_id": "141", "object_repr": "20240212193008141", "action_flag": 3, "change_message": ""}}, {"model": "admin.logentry", "pk": 400, "fields": {"action_time": "2024-02-16T01:41:12.017Z", "user": 1, "content_type": 17, "object_id": "140", "object_repr": "20240212192840140", "action_flag": 3, "change_message": ""}}, {"model": "admin.logentry", "pk": 401, "fields": {"action_time": "2024-02-16T01:41:12.019Z", "user": 1, "content_type": 17, "object_id": "139", "object_repr": "20240212192516139", "action_flag": 3, "change_message": ""}}, {"model": "admin.logentry", "pk": 402, "fields": {"action_time": "2024-02-16T01:41:12.021Z", "user": 1, "content_type": 17, "object_id": "138", "object_repr": "20240212191957138", "action_flag": 3, "change_message": ""}}, {"model": "admin.logentry", "pk": 403, "fields": {"action_time": "2024-02-16T01:41:12.023Z", "user": 1, "content_type": 17, "object_id": "137", "object_repr": "20240212191501137", "action_flag": 3, "change_message": ""}}, {"model": "admin.logentry", "pk": 404, "fields": {"action_time": "2024-02-16T01:41:12.026Z", "user": 1, "content_type": 17, "object_id": "136", "object_repr": "20240212185721136", "action_flag": 3, "change_message": ""}}, {"model": "admin.logentry", "pk": 405, "fields": {"action_time": "2024-02-16T01:41:12.029Z", "user": 1, "content_type": 17, "object_id": "135", "object_repr": "20240212184848135", "action_flag": 3, "change_message": ""}}, {"model": "admin.logentry", "pk": 406, "fields": {"action_time": "2024-02-16T01:41:12.032Z", "user": 1, "content_type": 17, "object_id": "134", "object_repr": "20240212170137134", "action_flag": 3, "change_message": ""}}, {"model": "admin.logentry", "pk": 407, "fields": {"action_time": "2024-02-16T01:41:12.069Z", "user": 1, "content_type": 17, "object_id": "133", "object_repr": "20240212165545133", "action_flag": 3, "change_message": ""}}, {"model": "admin.logentry", "pk": 408, "fields": {"action_time": "2024-02-16T01:41:12.072Z", "user": 1, "content_type": 17, "object_id": "132", "object_repr": "20240212165210132", "action_flag": 3, "change_message": ""}}, {"model": "admin.logentry", "pk": 409, "fields": {"action_time": "2024-02-16T01:41:12.114Z", "user": 1, "content_type": 17, "object_id": "131", "object_repr": "20240212164602131", "action_flag": 3, "change_message": ""}}, {"model": "admin.logentry", "pk": 410, "fields": {"action_time": "2024-02-16T01:41:12.116Z", "user": 1, "content_type": 17, "object_id": "130", "object_repr": "20240209234848130", "action_flag": 3, "change_message": ""}}, {"model": "admin.logentry", "pk": 411, "fields": {"action_time": "2024-02-16T01:41:12.118Z", "user": 1, "content_type": 17, "object_id": "129", "object_repr": "20240209232408129", "action_flag": 3, "change_message": ""}}, {"model": "admin.logentry", "pk": 412, "fields": {"action_time": "2024-02-16T01:41:12.121Z", "user": 1, "content_type": 17, "object_id": "128", "object_repr": "778888347374", "action_flag": 3, "change_message": ""}}, {"model": "admin.logentry", "pk": 413, "fields": {"action_time": "2024-02-16T14:29:52.003Z", "user": 1, "content_type": 17, "object_id": "151", "object_repr": "20240214165935151", "action_flag": 2, "change_message": "[{\"changed\": {\"fields\": [\"Phone\"]}}]"}}, {"model": "admin.logentry", "pk": 414, "fields": {"action_time": "2024-02-18T01:51:15.503Z", "user": 1, "content_type": 6, "object_id": "93", "object_repr": "julietnwaigweevans@gmail.com", "action_flag": 3, "change_message": ""}}, {"model": "admin.logentry", "pk": 415, "fields": {"action_time": "2024-02-18T02:20:18.734Z", "user": 1, "content_type": 6, "object_id": "94", "object_repr": "julietnwaigweevans@gmail.com", "action_flag": 3, "change_message": ""}}, {"model": "admin.logentry", "pk": 416, "fields": {"action_time": "2024-02-18T02:23:08.801Z", "user": 1, "content_type": 6, "object_id": "95", "object_repr": "julietnwaigweevans@gmail.com", "action_flag": 3, "change_message": ""}}, {"model": "admin.logentry", "pk": 417, "fields": {"action_time": "2024-02-18T02:39:00.231Z", "user": 1, "content_type": 6, "object_id": "96", "object_repr": "julietnwaigweevans@gmail.com", "action_flag": 3, "change_message": ""}}, {"model": "admin.logentry", "pk": 418, "fields": {"action_time": "2024-02-18T02:41:19.813Z", "user": 1, "content_type": 6, "object_id": "97", "object_repr": "julietnwaigweevans@gmail.com", "action_flag": 3, "change_message": ""}}, {"model": "admin.logentry", "pk": 419, "fields": {"action_time": "2024-02-21T13:16:14.660Z", "user": 1, "content_type": 6, "object_id": "83", "object_repr": "evansjuliet@gmail.com", "action_flag": 2, "change_message": "[]"}}, {"model": "admin.logentry", "pk": 420, "fields": {"action_time": "2024-02-21T17:33:47.427Z", "user": 1, "content_type": 17, "object_id": "159", "object_repr": "20240218194434159", "action_flag": 3, "change_message": ""}}, {"model": "admin.logentry", "pk": 421, "fields": {"action_time": "2024-02-21T21:25:41.239Z", "user": 1, "content_type": 17, "object_id": "162", "object_repr": "20240221151711162", "action_flag": 2, "change_message": "[{\"changed\": {\"fields\": [\"First name\"]}}]"}}, {"model": "auth.permission", "pk": 1, "fields": {"name": "Can add log entry", "content_type": 1, "codename": "add_logentry"}}, {"model": "auth.permission", "pk": 2, "fields": {"name": "Can change log entry", "content_type": 1, "codename": "change_logentry"}}, {"model": "auth.permission", "pk": 3, "fields": {"name": "Can delete log entry", "content_type": 1, "codename": "delete_logentry"}}, {"model": "auth.permission", "pk": 4, "fields": {"name": "Can view log entry", "content_type": 1, "codename": "view_logentry"}}, {"model": "auth.permission", "pk": 5, "fields": {"name": "Can add permission", "content_type": 2, "codename": "add_permission"}}, {"model": "auth.permission", "pk": 6, "fields": {"name": "Can change permission", "content_type": 2, "codename": "change_permission"}}, {"model": "auth.permission", "pk": 7, "fields": {"name": "Can delete permission", "content_type": 2, "codename": "delete_permission"}}, {"model": "auth.permission", "pk": 8, "fields": {"name": "Can view permission", "content_type": 2, "codename": "view_permission"}}, {"model": "auth.permission", "pk": 9, "fields": {"name": "Can add group", "content_type": 3, "codename": "add_group"}}, {"model": "auth.permission", "pk": 10, "fields": {"name": "Can change group", "content_type": 3, "codename": "change_group"}}, {"model": "auth.permission", "pk": 11, "fields": {"name": "Can delete group", "content_type": 3, "codename": "delete_group"}}, {"model": "auth.permission", "pk": 12, "fields": {"name": "Can view group", "content_type": 3, "codename": "view_group"}}, {"model": "auth.permission", "pk": 13, "fields": {"name": "Can add content type", "content_type": 4, "codename": "add_contenttype"}}, {"model": "auth.permission", "pk": 14, "fields": {"name": "Can change content type", "content_type": 4, "codename": "change_contenttype"}}, {"model": "auth.permission", "pk": 15, "fields": {"name": "Can delete content type", "content_type": 4, "codename": "delete_contenttype"}}, {"model": "auth.permission", "pk": 16, "fields": {"name": "Can view content type", "content_type": 4, "codename": "view_contenttype"}}, {"model": "auth.permission", "pk": 17, "fields": {"name": "Can add session", "content_type": 5, "codename": "add_session"}}, {"model": "auth.permission", "pk": 18, "fields": {"name": "Can change session", "content_type": 5, "codename": "change_session"}}, {"model": "auth.permission", "pk": 19, "fields": {"name": "Can delete session", "content_type": 5, "codename": "delete_session"}}, {"model": "auth.permission", "pk": 20, "fields": {"name": "Can view session", "content_type": 5, "codename": "view_session"}}, {"model": "auth.permission", "pk": 21, "fields": {"name": "Can add user", "content_type": 6, "codename": "add_user"}}, {"model": "auth.permission", "pk": 22, "fields": {"name": "Can change user", "content_type": 6, "codename": "change_user"}}, {"model": "auth.permission", "pk": 23, "fields": {"name": "Can delete user", "content_type": 6, "codename": "delete_user"}}, {"model": "auth.permission", "pk": 24, "fields": {"name": "Can view user", "content_type": 6, "codename": "view_user"}}, {"model": "auth.permission", "pk": 25, "fields": {"name": "Can add user profile", "content_type": 7, "codename": "add_userprofile"}}, {"model": "auth.permission", "pk": 26, "fields": {"name": "Can change user profile", "content_type": 7, "codename": "change_userprofile"}}, {"model": "auth.permission", "pk": 27, "fields": {"name": "Can delete user profile", "content_type": 7, "codename": "delete_userprofile"}}, {"model": "auth.permission", "pk": 28, "fields": {"name": "Can view user profile", "content_type": 7, "codename": "view_userprofile"}}, {"model": "auth.permission", "pk": 29, "fields": {"name": "Can add vendor", "content_type": 8, "codename": "add_vendor"}}, {"model": "auth.permission", "pk": 30, "fields": {"name": "Can change vendor", "content_type": 8, "codename": "change_vendor"}}, {"model": "auth.permission", "pk": 31, "fields": {"name": "Can delete vendor", "content_type": 8, "codename": "delete_vendor"}}, {"model": "auth.permission", "pk": 32, "fields": {"name": "Can view vendor", "content_type": 8, "codename": "view_vendor"}}, {"model": "auth.permission", "pk": 33, "fields": {"name": "Can add fooditem", "content_type": 9, "codename": "add_fooditem"}}, {"model": "auth.permission", "pk": 34, "fields": {"name": "Can change fooditem", "content_type": 9, "codename": "change_fooditem"}}, {"model": "auth.permission", "pk": 35, "fields": {"name": "Can delete fooditem", "content_type": 9, "codename": "delete_fooditem"}}, {"model": "auth.permission", "pk": 36, "fields": {"name": "Can view fooditem", "content_type": 9, "codename": "view_fooditem"}}, {"model": "auth.permission", "pk": 37, "fields": {"name": "Can add category", "content_type": 10, "codename": "add_category"}}, {"model": "auth.permission", "pk": 38, "fields": {"name": "Can change category", "content_type": 10, "codename": "change_category"}}, {"model": "auth.permission", "pk": 39, "fields": {"name": "Can delete category", "content_type": 10, "codename": "delete_category"}}, {"model": "auth.permission", "pk": 40, "fields": {"name": "Can view category", "content_type": 10, "codename": "view_category"}}, {"model": "auth.permission", "pk": 41, "fields": {"name": "Can add fooditem", "content_type": 11, "codename": "add_fooditem"}}, {"model": "auth.permission", "pk": 42, "fields": {"name": "Can change fooditem", "content_type": 11, "codename": "change_fooditem"}}, {"model": "auth.permission", "pk": 43, "fields": {"name": "Can delete fooditem", "content_type": 11, "codename": "delete_fooditem"}}, {"model": "auth.permission", "pk": 44, "fields": {"name": "Can view fooditem", "content_type": 11, "codename": "view_fooditem"}}, {"model": "auth.permission", "pk": 45, "fields": {"name": "Can add Category", "content_type": 12, "codename": "add_category"}}, {"model": "auth.permission", "pk": 46, "fields": {"name": "Can change Category", "content_type": 12, "codename": "change_category"}}, {"model": "auth.permission", "pk": 47, "fields": {"name": "Can delete Category", "content_type": 12, "codename": "delete_category"}}, {"model": "auth.permission", "pk": 48, "fields": {"name": "Can view Category", "content_type": 12, "codename": "view_category"}}, {"model": "auth.permission", "pk": 49, "fields": {"name": "Can add cart", "content_type": 13, "codename": "add_cart"}}, {"model": "auth.permission", "pk": 50, "fields": {"name": "Can change cart", "content_type": 13, "codename": "change_cart"}}, {"model": "auth.permission", "pk": 51, "fields": {"name": "Can delete cart", "content_type": 13, "codename": "delete_cart"}}, {"model": "auth.permission", "pk": 52, "fields": {"name": "Can view cart", "content_type": 13, "codename": "view_cart"}}, {"model": "auth.permission", "pk": 53, "fields": {"name": "Can add opening hour", "content_type": 14, "codename": "add_openinghour"}}, {"model": "auth.permission", "pk": 54, "fields": {"name": "Can change opening hour", "content_type": 14, "codename": "change_openinghour"}}, {"model": "auth.permission", "pk": 55, "fields": {"name": "Can delete opening hour", "content_type": 14, "codename": "delete_openinghour"}}, {"model": "auth.permission", "pk": 56, "fields": {"name": "Can view opening hour", "content_type": 14, "codename": "view_openinghour"}}, {"model": "auth.permission", "pk": 57, "fields": {"name": "Can add tax", "content_type": 15, "codename": "add_tax"}}, {"model": "auth.permission", "pk": 58, "fields": {"name": "Can change tax", "content_type": 15, "codename": "change_tax"}}, {"model": "auth.permission", "pk": 59, "fields": {"name": "Can delete tax", "content_type": 15, "codename": "delete_tax"}}, {"model": "auth.permission", "pk": 60, "fields": {"name": "Can view tax", "content_type": 15, "codename": "view_tax"}}, {"model": "auth.permission", "pk": 61, "fields": {"name": "Can add payment", "content_type": 16, "codename": "add_payment"}}, {"model": "auth.permission", "pk": 62, "fields": {"name": "Can change payment", "content_type": 16, "codename": "change_payment"}}, {"model": "auth.permission", "pk": 63, "fields": {"name": "Can delete payment", "content_type": 16, "codename": "delete_payment"}}, {"model": "auth.permission", "pk": 64, "fields": {"name": "Can view payment", "content_type": 16, "codename": "view_payment"}}, {"model": "auth.permission", "pk": 65, "fields": {"name": "Can add order", "content_type": 17, "codename": "add_order"}}, {"model": "auth.permission", "pk": 66, "fields": {"name": "Can change order", "content_type": 17, "codename": "change_order"}}, {"model": "auth.permission", "pk": 67, "fields": {"name": "Can delete order", "content_type": 17, "codename": "delete_order"}}, {"model": "auth.permission", "pk": 68, "fields": {"name": "Can view order", "content_type": 17, "codename": "view_order"}}, {"model": "auth.permission", "pk": 69, "fields": {"name": "Can add ordered food", "content_type": 18, "codename": "add_orderedfood"}}, {"model": "auth.permission", "pk": 70, "fields": {"name": "Can change ordered food", "content_type": 18, "codename": "change_orderedfood"}}, {"model": "auth.permission", "pk": 71, "fields": {"name": "Can delete ordered food", "content_type": 18, "codename": "delete_orderedfood"}}, {"model": "auth.permission", "pk": 72, "fields": {"name": "Can view ordered food", "content_type": 18, "codename": "view_orderedfood"}}, {"model": "contenttypes.contenttype", "pk": 1, "fields": {"app_label": "admin", "model": "logentry"}}, {"model": "contenttypes.contenttype", "pk": 2, "fields": {"app_label": "auth", "model": "permission"}}, {"model": "contenttypes.contenttype", "pk": 3, "fields": {"app_label": "auth", "model": "group"}}, {"model": "contenttypes.contenttype", "pk": 4, "fields": {"app_label": "contenttypes", "model": "contenttype"}}, {"model": "contenttypes.contenttype", "pk": 5, "fields": {"app_label": "sessions", "model": "session"}}, {"model": "contenttypes.contenttype", "pk": 6, "fields": {"app_label": "accounts", "model": "user"}}, {"model": "contenttypes.contenttype", "pk": 7, "fields": {"app_label": "accounts", "model": "userprofile"}}, {"model": "contenttypes.contenttype", "pk": 8, "fields": {"app_label": "vendor", "model": "vendor"}}, {"model": "contenttypes.contenttype", "pk": 9, "fields": {"app_label": "menu", "model": "fooditem"}}, {"model": "contenttypes.contenttype", "pk": 10, "fields": {"app_label": "menu", "model": "category"}}, {"model": "contenttypes.contenttype", "pk": 11, "fields": {"app_label": "Menu", "model": "fooditem"}}, {"model": "contenttypes.contenttype", "pk": 12, "fields": {"app_label": "Menu", "model": "category"}}, {"model": "contenttypes.contenttype", "pk": 13, "fields": {"app_label": "marketplace", "model": "cart"}}, {"model": "contenttypes.contenttype", "pk": 14, "fields": {"app_label": "vendor", "model": "openinghour"}}, {"model": "contenttypes.contenttype", "pk": 15, "fields": {"app_label": "marketplace", "model": "tax"}}, {"model": "contenttypes.contenttype", "pk": 16, "fields": {"app_label": "orders", "model": "payment"}}, {"model": "contenttypes.contenttype", "pk": 17, "fields": {"app_label": "orders", "model": "order"}}, {"model": "contenttypes.contenttype", "pk": 18, "fields": {"app_label": "orders", "model": "orderedfood"}}, {"model": "sessions.session", "pk": "03icxjq4npyu32doe9tuk9op5cbepbwy", "fields": {"session_data": ".eJxVjDsOwjAQBe_iGln-fyjpOYO1u3ZwANlSnFSIu0OkFNC-mXkvlmBba9pGWdKc2ZkFxU6_IwI9SttJvkO7dU69rcuMfFf4QQe_9lyel8P9O6gw6reOJpsickCDZCEgRo2WAFzx2ktB2kWryDgyKgScNAaPE0lCkXV0TrL3ByDDOGo:1rYZTj:INdcHlyrcKqmHTtGvFT_8H6u_hxfApH_r5zKRGB4HRY", "expire_date": "2024-02-09T22:44:35.400Z"}}, {"model": "sessions.session", "pk": "0cgtmf88idagebuxrjo1vrpu8vk7eyz4", "fields": {"session_data": ".eJxVjDsOwjAQBe_iGln4u15K-pzBWq9tHECJFCcV4u4QKQW0b2beS0Ta1ha3XpY4ZnERQYvT75iIH2XaSb7TdJslz9O6jEnuijxol8Ocy_N6uH8HjXr71sqgAvZ0ZnSKCHRQnBwHG5i8tgaTYTAWAB2ajIUtIOVK7DxArVa8P_DUN8c:1rNOzQ:Vc3dg95POafbhsGnqzBTJdVbrhHWHZkrzBT8dZzK9e4", "expire_date": "2024-01-24T03:10:48.496Z"}}, {"model": "sessions.session", "pk": "0veg446o06afqgj8x35lcqqagt4sz3uj", "fields": {"session_data": ".eJxVjDsOwjAQBe_iGln-ZP2hpOcMlte74ABypDipEHcnkVJA-2bmvUXK61LT2nlOI4mzCFqcfkfM5cltJ_TI7T7JMrVlHlHuijxol9eJ-HU53L-Dmnvdau1LVjYM9gbeeELwUACIIzOaaGAjDhUNYHOMjm0A9toGdLqgVy6IzxfxPDcy:1rYC0N:SroqRIThuuuj7sVvU7DgxSwUIxFPEdFrsVXpGbrtro4", "expire_date": "2024-02-08T21:40:43.675Z"}}, {"model": "sessions.session", "pk": "0vr9cqxwjqkve8vv34cpi0wnpobd26iy", "fields": {"session_data": ".eJxVjDsOwjAQBe_iGln-fyjpOYO1u3ZwANlSnFSIu0OkFNC-mXkvlmBba9pGWdKc2ZkFxU6_IwI9SttJvkO7dU69rcuMfFf4QQe_9lyel8P9O6gw6reOJpsickCDZCEgRo2WAFzx2ktB2kWryDgyKgScNAaPE0lCkXV0TrL3ByDDOGo:1rb7k5:opQON8mUOMmJX3pT4TzrprSZGNNGkbZAeEs05gsJQtg", "expire_date": "2024-02-16T23:44:01.513Z"}}, {"model": "sessions.session", "pk": "108msurwgq1zy16dyl93achf34n2fhqu", "fields": {"session_data": ".eJxVjDsOwjAQBe_iGln-fyjpOYO1u3ZwANlSnFSIu0OkFNC-mXkvlmBba9pGWdKc2ZkFxU6_IwI9SttJvkO7dU69rcuMfFf4QQe_9lyel8P9O6gw6reOJpsickCDZCEgRo2WAFzx2ktB2kWryDgyKgScNAaPE0lCkXV0TrL3ByDDOGo:1rWqAb:kCuNo9sRTEvIEkrcQZV_RlnTqBIgn6MTH2YLeamnIHg", "expire_date": "2024-02-05T04:02:21.276Z"}}, {"model": "sessions.session", "pk": "12kln35fa8h5ihsb9i7kesd5yqewbz9g", "fields": {"session_data": ".eJxVjDsOwjAQBe_iGln-fyjpOYO1u3ZwANlSnFSIu0OkFNC-mXkvlmBba9pGWdKc2ZkFxU6_IwI9SttJvkO7dU69rcuMfFf4QQe_9lyel8P9O6gw6reOJpsickCDZCEgRo2WAFzx2ktB2kWryDgyKgScNAaPE0lCkXV0TrL3ByDDOGo:1rb8oF:FiIaQcAC1BNDSmBG-GXO09rAZBRPvKAMp21pio9hkpc", "expire_date": "2024-02-17T00:52:23.344Z"}}, {"model": "sessions.session", "pk": "14qx7najsuycsm3eesn14lpuxq6q3khu", "fields": {"session_data": ".eJxVjDsOwjAQBe_iGln-fyjpOYO1u3ZwANlSnFSIu0OkFNC-mXkvlmBba9pGWdKc2ZkFxU6_IwI9SttJvkO7dU69rcuMfFf4QQe_9lyel8P9O6gw6reOJpsickCDZCEgRo2WAFzx2ktB2kWryDgyKgScNAaPE0lCkXV0TrL3ByDDOGo:1ralLw:PeBuQFqVAU7be6-JmErrgcVWI57h2qGgen21Dpm0AoM", "expire_date": "2024-02-15T23:49:36.925Z"}}, {"model": "sessions.session", "pk": "1f4icusrhp2j2wgqlbz41ilxgfeht717", "fields": {"session_data": ".eJxVjDsOwjAQBe_iGln-fyjpOYO1u3ZwANlSnFSIu0OkFNC-mXkvlmBba9pGWdKc2ZkFxU6_IwI9SttJvkO7dU69rcuMfFf4QQe_9lyel8P9O6gw6reOJpsickCDZCEgRo2WAFzx2ktB2kWryDgyKgScNAaPE0lCkXV0TrL3ByDDOGo:1rYcVa:ieKWpbd-irWMZey_gTZ2JP_huacthj1JwQUMUBoe-M4", "expire_date": "2024-02-10T01:58:42.424Z"}}, {"model": "sessions.session", "pk": "1i641hthhy94ab3fz2in004vgxcj1l8o", "fields": {"session_data": ".eJxVjDsOwjAQBe_iGln-fyjpOYO1u3ZwANlSnFSIu0OkFNC-mXkvlmBba9pGWdKc2ZkFxU6_IwI9SttJvkO7dU69rcuMfFf4QQe_9lyel8P9O6gw6reOJpsickCDZCEgRo2WAFzx2ktB2kWryDgyKgScNAaPE0lCkXV0TrL3ByDDOGo:1rYawG:eRBP04Nu28UElptQJ8jPXtD7Zs6EtIZSjBH9KeJna8Q", "expire_date": "2024-02-10T00:18:08.149Z"}}, {"model": "sessions.session", "pk": "2nz2uz0eg0tsd81kze29m6djl2murmfp", "fields": {"session_data": ".eJxVjDsOwjAQBe_iGln-ZP2hpOcMlte74ABypDipEHcnkVJA-2bmvUXK61LT2nlOI4mzCFqcfkfM5cltJ_TI7T7JMrVlHlHuijxol9eJ-HU53L-Dmnvdau1LVjYM9gbeeELwUACIIzOaaGAjDhUNYHOMjm0A9toGdLqgVy6IzxfxPDcy:1rYDp1:1zXW1s1_SeuGL5-imExDbzYxh8-UkiNTzaxnq0Te4bo", "expire_date": "2024-02-08T23:37:07.646Z"}}, {"model": "sessions.session", "pk": "30md2hsqlmp2xqjjodtbqnonjg9mphhk", "fields": {"session_data": ".eJxVjDsOwjAQBe_iGln-fyjpOYO1u3ZwANlSnFSIu0OkFNC-mXkvlmBba9pGWdKc2ZkFxU6_IwI9SttJvkO7dU69rcuMfFf4QQe_9lyel8P9O6gw6reOJpsickCDZCEgRo2WAFzx2ktB2kWryDgyKgScNAaPE0lCkXV0TrL3ByDDOGo:1rWRcH:pY6SxofgH2Ru1mrBUBfSoFoGQLiLnyX0mhC78Wu7wpg", "expire_date": "2024-02-04T01:49:17.885Z"}}, {"model": "sessions.session", "pk": "3b0wgst91u93m6wz06q0xf5qnpcazs7y", "fields": {"session_data": ".eJxVjDsOwjAQBe_iGln-fyjpOYO1u3ZwANlSnFSIu0OkFNC-mXkvlmBba9pGWdKc2ZkFxU6_IwI9SttJvkO7dU69rcuMfFf4QQe_9lyel8P9O6gw6reOJpsickCDZCEgRo2WAFzx2ktB2kWryDgyKgScNAaPE0lCkXV0TrL3ByDDOGo:1raxzc:qS7saIlHhlGGTvbrNe5_dxUKYVRqr4aEYTF4uH_t8MM", "expire_date": "2024-02-16T13:19:24.472Z"}}, {"model": "sessions.session", "pk": "3gzmk61ci6x3a8h81331jdfk9bo82law", "fields": {"session_data": ".eJxVjMsOwiAQRf-FtSFSpjxcuvcbyAwDUjWQlHZl_HfbpAvd3nPOfYuA61LC2tMcJhYXocTpdyOMz1R3wA-s9yZjq8s8kdwVedAub43T63q4fwcFe9nq7D04FX0ejDYaBsigILNG6zwb5aMhq5Jm5WgjSWvOkTzwCGRHPKP4fAHK8ze0:1raHmp:fpy5axK39XSbf6AIpQuYmAITQl_YmjFzWtdW8-9SnbM", "expire_date": "2024-02-14T16:15:23.694Z"}}, {"model": "sessions.session", "pk": "4a4ghupkm40toemj0l6lq71q0s2w3w4k", "fields": {"session_data": ".eJxVjDsOwjAQBe_iGln-fyjpOYO1u3ZwANlSnFSIu0OkFNC-mXkvlmBba9pGWdKc2ZkFxU6_IwI9SttJvkO7dU69rcuMfFf4QQe_9lyel8P9O6gw6reOJpsickCDZCEgRo2WAFzx2ktB2kWryDgyKgScNAaPE0lCkXV0TrL3ByDDOGo:1rZZgJ:kKDkReBKuO0Sr6G8igZ21i4ws9bW5P__CTwWz8z7zN4", "expire_date": "2024-02-12T17:09:43.776Z"}}, {"model": "sessions.session", "pk": "4dm5sw1n9jvqagcpcfx70uvsoj09zzhc", "fields": {"session_data": ".eJxVjDsOwjAQBe_iGln-ZP2hpOcMlte74ABypDipEHcnkVJA-2bmvUXK61LT2nlOI4mzCFqcfkfM5cltJ_TI7T7JMrVlHlHuijxol9eJ-HU53L-Dmnvdau1LVjYM9gbeeELwUACIIzOaaGAjDhUNYHOMjm0A9toGdLqgVy6IzxfxPDcy:1rXVPK:pPxc7HYsNAXKzHnZT4Lt0hHy0RH2WhisyUafOTrPAIY", "expire_date": "2024-02-07T00:11:38.075Z"}}, {"model": "sessions.session", "pk": "4tnoruutowi0noc54gbtue4e5trs13xy", "fields": {"session_data": ".eJxVjDsOwjAQBe_iGln-fyjpOYO1u3ZwANlSnFSIu0OkFNC-mXkvlmBba9pGWdKc2ZkFxU6_IwI9SttJvkO7dU69rcuMfFf4QQe_9lyel8P9O6gw6reOJpsickCDZCEgRo2WAFzx2ktB2kWryDgyKgScNAaPE0lCkXV0TrL3ByDDOGo:1rX8BS:_YlKesAL6iHJAjgNJnUCcHKdkokCNBf_jn0UU4SujFQ", "expire_date": "2024-02-05T23:23:46.631Z"}}, {"model": "sessions.session", "pk": "5aik0p02yuq0b87wskqyocx1sliyeqs9", "fields": {"session_data": ".eJxVjDsOwjAQBe_iGln-fyjpOYO1u3ZwANlSnFSIu0OkFNC-mXkvlmBba9pGWdKc2ZkFxU6_IwI9SttJvkO7dU69rcuMfFf4QQe_9lyel8P9O6gw6reOJpsickCDZCEgRo2WAFzx2ktB2kWryDgyKgScNAaPE0lCkXV0TrL3ByDDOGo:1rX8Kx:cYkXX7PJr-WXkST5_NEOcq_PIqZGhKSe2Wf9TGPhdpY", "expire_date": "2024-02-05T23:33:35.380Z"}}, {"model": "sessions.session", "pk": "5kzdas2nielc5k5wt1khfor8ukmmb0pq", "fields": {"session_data": ".eJxVjDsOwjAQBe_iGln-ZP2hpOcMlte74ABypDipEHcnkVJA-2bmvUXK61LT2nlOI4mzCFqcfkfM5cltJ_TI7T7JMrVlHlHuijxol9eJ-HU53L-Dmnvdau1LVjYM9gbeeELwUACIIzOaaGAjDhUNYHOMjm0A9toGdLqgVy6IzxfxPDcy:1rYCIZ:-39MfKmCfHKWVaHrGOfBnzRx0F3ZLmxWICp9Dft6Jk0", "expire_date": "2024-02-08T21:59:31.301Z"}}, {"model": "sessions.session", "pk": "5ufz209tjbworojzk3mpkzy7hnl43eol", "fields": {"session_data": ".eJxVjDsOwjAQBe_iGln-fyjpOYO1u3ZwANlSnFSIu0OkFNC-mXkvlmBba9pGWdKc2ZkFxU6_IwI9SttJvkO7dU69rcuMfFf4QQe_9lyel8P9O6gw6reOJpsickCDZCEgRo2WAFzx2ktB2kWryDgyKgScNAaPE0lCkXV0TrL3ByDDOGo:1rb8d6:qkn3tndPVP_h5tapj_x5YnsDX4ZEM8kCQfERkPGm--w", "expire_date": "2024-02-17T00:40:52.765Z"}}, {"model": "sessions.session", "pk": "63l6uk4k9d93kbgc0s5fkq9nzw7t75qp", "fields": {"session_data": ".eJxVjDsOwjAQBe_iGln-fyjpOYO1u3ZwANlSnFSIu0OkFNC-mXkvlmBba9pGWdKc2ZkFxU6_IwI9SttJvkO7dU69rcuMfFf4QQe_9lyel8P9O6gw6reOJpsickCDZCEgRo2WAFzx2ktB2kWryDgyKgScNAaPE0lCkXV0TrL3ByDDOGo:1raytR:ELBVBP9b8wLSL12QL8nHy4UfqUGghWQyWbTXN2Rh420", "expire_date": "2024-02-16T14:17:05.380Z"}}, {"model": "sessions.session", "pk": "65smsal3oo7mk38zzvkhp1ozugml4cgg", "fields": {"session_data": ".eJxVjEsOAiEQBe_C2hCahgZcuvcMBGhGRg2TzGdlvLtOMgvdvqp6LxHTtra4LXWOI4uzAHH63XIqj9p3wPfUb5MsU1_nMctdkQdd5HXi-rwc7t9BS0v71s7bRKAtgbFswsCmVFTWZApAFcERAXEAj954YwHD4DWiQuTqQGnx_gCd9jWg:1qnsEh:lCB0XX1exlCanHPZ_v6XnLKkDv0ZfRCppg3akq4H_LU", "expire_date": "2023-10-18T03:07:43.026Z"}}, {"model": "sessions.session", "pk": "67tyx0qyesbd0tns89atq8x6b1xypec1", "fields": {"session_data": ".eJxVjDsOwjAQBe_iGln-fyjpOYO1u3ZwANlSnFSIu0OkFNC-mXkvlmBba9pGWdKc2ZkFxU6_IwI9SttJvkO7dU69rcuMfFf4QQe_9lyel8P9O6gw6reOJpsickCDZCEgRo2WAFzx2ktB2kWryDgyKgScNAaPE0lCkXV0TrL3ByDDOGo:1rWImv:nZbPUelnmL9tuaQ4Sq6JkPD_bYF-xrbyeV7SYc-cdAc", "expire_date": "2024-02-03T16:23:41.258Z"}}, {"model": "sessions.session", "pk": "6axsx0hfkrolg54gug80srd8b7bmliy5", "fields": {"session_data": ".eJxVjDsOwjAQBe_iGln-fyjpOYO1u3ZwANlSnFSIu0OkFNC-mXkvlmBba9pGWdKc2ZkFxU6_IwI9SttJvkO7dU69rcuMfFf4QQe_9lyel8P9O6gw6reOJpsickCDZCEgRo2WAFzx2ktB2kWryDgyKgScNAaPE0lCkXV0TrL3ByDDOGo:1raGVY:xuD8Jz70x1SewWpFLH6uFF9HWbG0xSqV73o5UQQ39o4", "expire_date": "2024-02-14T14:53:28.488Z"}}, {"model": "sessions.session", "pk": "6k1s54u29jyup8ivojt90g0w348y28sy", "fields": {"session_data": ".eJxVjDsOwjAQBe_iGln-fyjpOYO1u3ZwANlSnFSIu0OkFNC-mXkvlmBba9pGWdKc2ZkFxU6_IwI9SttJvkO7dU69rcuMfFf4QQe_9lyel8P9O6gw6reOJpsickCDZCEgRo2WAFzx2ktB2kWryDgyKgScNAaPE0lCkXV0TrL3ByDDOGo:1rWrfq:o9bGMIEDS4pjRaAYX-z_8stT7PbVKO6VzVpStkHheKk", "expire_date": "2024-02-05T05:38:42.399Z"}}, {"model": "sessions.session", "pk": "6ujhhmfcyk9de58vh5pul74b4ag3gq1r", "fields": {"session_data": ".eJxVjEsOAiEQBe_C2hCahgZcuvcMBGhGRg2TzGdlvLtOMgvdvqp6LxHTtra4LXWOI4uzAHH63XIqj9p3wPfUb5MsU1_nMctdkQdd5HXi-rwc7t9BS0v71s7bRKAtgbFswsCmVFTWZApAFcERAXEAj954YwHD4DWiQuTqQGnx_gCd9jWg:1qmLQB:0sXET_lA4DYQnhZFR8UDpUN3dISrMYdEBbIbLubzh_g", "expire_date": "2023-10-13T21:53:15.312Z"}}, {"model": "sessions.session", "pk": "6v6fwm1l8b5vdp2ia53t8y3h4jmr4plh", "fields": {"session_data": ".eJxVjDsOwjAQBe_iGln-fyjpOYO1u3ZwANlSnFSIu0OkFNC-mXkvlmBba9pGWdKc2ZkFxU6_IwI9SttJvkO7dU69rcuMfFf4QQe_9lyel8P9O6gw6reOJpsickCDZCEgRo2WAFzx2ktB2kWryDgyKgScNAaPE0lCkXV0TrL3ByDDOGo:1rctla:ERpuKAB1RW3dboBBAbgU-r7d3m5vpj8EOLhdZ9yTwR0", "expire_date": "2024-02-21T21:12:54.899Z"}}, {"model": "sessions.session", "pk": "6vazboo1uhzd6vlxx2kzshnpmyhm17pd", "fields": {"session_data": ".eJxVjEEOwiAQRe_C2hCgQsGl-56BDDODVA0kpV0Z765NutDtf-_9l4iwrSVunZc4k7gIb8Tpd0yAD647oTvUW5PY6rrMSe6KPGiXUyN-Xg_376BAL99aIyijErFBZwgs5qTJ6dHQ6JgpMA1e-8GF7I31kO2g-QzgkmWFqIN4fwAo-TjA:1r2Bfr:K94X_i_Gisjq1GPRI2Hph0Q40cI6CqarXhKvS3naD9w", "expire_date": "2023-11-26T14:42:55.787Z"}}, {"model": "sessions.session", "pk": "7c85ac047lhy19qybtm9j6bwzp0tz2em", "fields": {"session_data": ".eJxVjDsOwjAQBe_iGln-fyjpOYO1u3ZwANlSnFSIu0OkFNC-mXkvlmBba9pGWdKc2ZkFxU6_IwI9SttJvkO7dU69rcuMfFf4QQe_9lyel8P9O6gw6reOJpsickCDZCEgRo2WAFzx2ktB2kWryDgyKgScNAaPE0lCkXV0TrL3ByDDOGo:1rZbUF:U2zKwUv6glXDI7QdwI9AxEMZPmFd1HJIp25eArynFnM", "expire_date": "2024-02-12T19:05:23.701Z"}}, {"model": "sessions.session", "pk": "7ezhmltg8t35xkylj23vp3wpaqfwk54c", "fields": {"session_data": ".eJxVjDsOwjAQBe_iGln-ZP2hpOcMlte74ABypDipEHcnkVJA-2bmvUXK61LT2nlOI4mzCFqcfkfM5cltJ_TI7T7JMrVlHlHuijxol9eJ-HU53L-Dmnvdau1LVjYM9gbeeELwUACIIzOaaGAjDhUNYHOMjm0A9toGdLqgVy6IzxfxPDcy:1rXWqb:6U7HDbP_gAm5Nu8rSIpVVJ3mhcWRB9XQ8K3Ji2GAIwA", "expire_date": "2024-02-07T01:43:53.180Z"}}, {"model": "sessions.session", "pk": "7j8rx8wxtc7h5hqfhih674woz030er2h", "fields": {"session_data": ".eJxVjDsOwjAQBe_iGln-fyjpOYO1u3ZwANlSnFSIu0OkFNC-mXkvlmBba9pGWdKc2ZkFxU6_IwI9SttJvkO7dU69rcuMfFf4QQe_9lyel8P9O6gw6reOJpsickCDZCEgRo2WAFzx2ktB2kWryDgyKgScNAaPE0lCkXV0TrL3ByDDOGo:1rcu0U:pu2YoserBzWsOtUlX-ot_TRaULoNugTBpXFyc5nTxqw", "expire_date": "2024-02-21T21:28:18.134Z"}}, {"model": "sessions.session", "pk": "7n75tf5yw4vdd4hsi6yj4nmmgw5mhpvn", "fields": {"session_data": ".eJxVjDsOwjAQBe_iGln-ZP2hpOcMlte74ABypDipEHcnkVJA-2bmvUXK61LT2nlOI4mzCFqcfkfM5cltJ_TI7T7JMrVlHlHuijxol9eJ-HU53L-Dmnvdau1LVjYM9gbeeELwUACIIzOaaGAjDhUNYHOMjm0A9toGdLqgVy6IzxfxPDcy:1rXW1d:3FwL8yrAlORPaMuavXQYOm5n-3KSiYbgRiZ_mmJX7b8", "expire_date": "2024-02-07T00:51:13.491Z"}}, {"model": "sessions.session", "pk": "7u5xfhvvcp0mekzyw06z7s4iuibctr44", "fields": {"session_data": ".eJxVjDsOwjAQBe_iGln-fyjpOYO1u3ZwANlSnFSIu0OkFNC-mXkvlmBba9pGWdKc2ZkFxU6_IwI9SttJvkO7dU69rcuMfFf4QQe_9lyel8P9O6gw6reOJpsickCDZCEgRo2WAFzx2ktB2kWryDgyKgScNAaPE0lCkXV0TrL3ByDDOGo:1rb662:u3yVXYHerRBbyHrgzF4gBj9_RAwLbpPzlTzUJzF7xK0", "expire_date": "2024-02-16T21:58:34.139Z"}}, {"model": "sessions.session", "pk": "88lo71a6xywi1t1is9wur7ixuxxhhfcq", "fields": {"session_data": ".eJxVjDsOwjAQBe_iGln-fyjpOYO1u3ZwANlSnFSIu0OkFNC-mXkvlmBba9pGWdKc2ZkFxU6_IwI9SttJvkO7dU69rcuMfFf4QQe_9lyel8P9O6gw6reOJpsickCDZCEgRo2WAFzx2ktB2kWryDgyKgScNAaPE0lCkXV0TrL3ByDDOGo:1raIRa:0fDlEb2E9BMPg3ux5_FWplM3Oib0lBiMwd_00e6H9f0", "expire_date": "2024-02-14T16:57:30.999Z"}}, {"model": "sessions.session", "pk": "8ho5918m4igwqvgfcoeb5pacqtg5n3yv", "fields": {"session_data": ".eJxVjMsOwiAQRf-FtSFSpjxcuvcbyAwDUjWQlHZl_HfbpAvd3nPOfYuA61LC2tMcJhYXocTpdyOMz1R3wA-s9yZjq8s8kdwVedAub43T63q4fwcFe9nq7D04FX0ejDYaBsigILNG6zwb5aMhq5Jm5WgjSWvOkTzwCGRHPKP4fAHK8ze0:1rYUFh:vgyAzxYW-2CNdGR1Bgd0BQUtG5qhgKU0cncKCylg7_A", "expire_date": "2024-02-09T17:09:45.853Z"}}, {"model": "sessions.session", "pk": "8j7y42f9njgiunchgvorguzw408d34oo", "fields": {"session_data": ".eJxVjDsOwjAQBe_iGln-ZP2hpOcMlte74ABypDipEHcnkVJA-2bmvUXK61LT2nlOI4mzCFqcfkfM5cltJ_TI7T7JMrVlHlHuijxol9eJ-HU53L-Dmnvdau1LVjYM9gbeeELwUACIIzOaaGAjDhUNYHOMjm0A9toGdLqgVy6IzxfxPDcy:1rYEll:lLNyZEMkts94fkcoyuu4hPctghRlUBtktLIDqUwmOGM", "expire_date": "2024-02-09T00:37:49.581Z"}}, {"model": "sessions.session", "pk": "8lqrl72qw52zeti6rxa4rxyf4i6anble", "fields": {"session_data": ".eJxVjDsOwjAQBe_iGln-fyjpOYO1u3ZwANlSnFSIu0OkFNC-mXkvlmBba9pGWdKc2ZkFxU6_IwI9SttJvkO7dU69rcuMfFf4QQe_9lyel8P9O6gw6reOJpsickCDZCEgRo2WAFzx2ktB2kWryDgyKgScNAaPE0lCkXV0TrL3ByDDOGo:1rayj1:0PgPuHCuTK67ESVLCcFOGnVKxa37wuyyhltWwTFtw8I", "expire_date": "2024-02-16T14:06:19.141Z"}}, {"model": "sessions.session", "pk": "8wntofq4tzd5lovsc2s91iw3hfgbxuyg", "fields": {"session_data": ".eJxVjDsOwjAQBe_iGln-fyjpOYO1u3ZwANlSnFSIu0OkFNC-mXkvlmBba9pGWdKc2ZkFxU6_IwI9SttJvkO7dU69rcuMfFf4QQe_9lyel8P9O6gw6reOJpsickCDZCEgRo2WAFzx2ktB2kWryDgyKgScNAaPE0lCkXV0TrL3ByDDOGo:1rYali:ztLjat_DUV-Kkq6ZQLjD1JXh07_IGZq_2-JbLle2mpk", "expire_date": "2024-02-10T00:07:14.206Z"}}, {"model": "sessions.session", "pk": "9w1604mgufgvtk1jlpxcatnfyrpnrjgn", "fields": {"session_data": ".eJxVjDsOwjAQBe_iGln-fyjpOYO1u3ZwANlSnFSIu0OkFNC-mXkvlmBba9pGWdKc2ZkFxU6_IwI9SttJvkO7dU69rcuMfFf4QQe_9lyel8P9O6gw6reOJpsickCDZCEgRo2WAFzx2ktB2kWryDgyKgScNAaPE0lCkXV0TrL3ByDDOGo:1rWPto:QUZqoS2IEW7-0LM5JuLT1UEfAAwqjf4LfGfJ8AZpsdQ", "expire_date": "2024-02-03T23:59:16.479Z"}}, {"model": "sessions.session", "pk": "9xqw6gjb7pzu1znrmlcbjgyope25489g", "fields": {"session_data": ".eJxVjDsOwjAQBe_iGln-fyjpOYO1u3ZwANlSnFSIu0OkFNC-mXkvlmBba9pGWdKc2ZkFxU6_IwI9SttJvkO7dU69rcuMfFf4QQe_9lyel8P9O6gw6reOJpsickCDZCEgRo2WAFzx2ktB2kWryDgyKgScNAaPE0lCkXV0TrL3ByDDOGo:1rZbvK:8tEa079RhoYkffHivyCTpZXhek_yFpTU5_WziaiS_Hw", "expire_date": "2024-02-12T19:33:22.557Z"}}, {"model": "sessions.session", "pk": "a0oxpdzx5li0ivsw37b7l08o5wnjy6k1", "fields": {"session_data": ".eJxVjDsOwjAQBe_iGln-fyjpOYO1u3ZwANlSnFSIu0OkFNC-mXkvlmBba9pGWdKc2ZkFxU6_IwI9SttJvkO7dU69rcuMfFf4QQe_9lyel8P9O6gw6reOJpsickCDZCEgRo2WAFzx2ktB2kWryDgyKgScNAaPE0lCkXV0TrL3ByDDOGo:1rWs5o:YZi5ZKJFssLHZxADXX_kiYkZnnwaff1RfOQ3y7tT4iU", "expire_date": "2024-02-05T06:05:32.449Z"}}, {"model": "sessions.session", "pk": "a1p1103ay3vqr23li2o643ladiw6jrrl", "fields": {"session_data": ".eJxVjDsOwjAQBe_iGln-fyjpOYO1u3ZwANlSnFSIu0OkFNC-mXkvlmBba9pGWdKc2ZkFxU6_IwI9SttJvkO7dU69rcuMfFf4QQe_9lyel8P9O6gw6reOJpsickCDZCEgRo2WAFzx2ktB2kWryDgyKgScNAaPE0lCkXV0TrL3ByDDOGo:1rcoId:dOCzQEfpBRz9YkRPhCk35Ir4W2Xm0H32J-d0LK6JYaY", "expire_date": "2024-02-21T15:22:39.142Z"}}, {"model": "sessions.session", "pk": "a290ysj2913hzuxn10h0n93abk35ol4v", "fields": {"session_data": ".eJxVjMsOwiAQRf-FtSFSpjxcuvcbyAwDUjWQlHZl_HfbpAvd3nPOfYuA61LC2tMcJhYXocTpdyOMz1R3wA-s9yZjq8s8kdwVedAub43T63q4fwcFe9nq7D04FX0ejDYaBsigILNG6zwb5aMhq5Jm5WgjSWvOkTzwCGRHPKP4fAHK8ze0:1rWQXx:EUSRhEtiL5FmBd6cK2C56JzqqMD3eyeNQuBawZUBovE", "expire_date": "2024-02-04T00:40:45.157Z"}}, {"model": "sessions.session", "pk": "al5zos6d33bifllxhgs6horw0qnxjquv", "fields": {"session_data": ".eJxVjDsOwjAQBe_iGln-fyjpOYO1u3ZwANlSnFSIu0OkFNC-mXkvlmBba9pGWdKc2ZkFxU6_IwI9SttJvkO7dU69rcuMfFf4QQe_9lyel8P9O6gw6reOJpsickCDZCEgRo2WAFzx2ktB2kWryDgyKgScNAaPE0lCkXV0TrL3ByDDOGo:1rWSCb:OcK_wbgZeXWRy4w9zaVnMowt0pKf6KPGO_kCy71vuZI", "expire_date": "2024-02-04T02:26:49.345Z"}}, {"model": "sessions.session", "pk": "at35gw2qkv5c3a7r4hdzsrum54xkek2n", "fields": {"session_data": ".eJxVjDsOwjAQBe_iGln-fyjpOYO1u3ZwANlSnFSIu0OkFNC-mXkvlmBba9pGWdKc2ZkFxU6_IwI9SttJvkO7dU69rcuMfFf4QQe_9lyel8P9O6gw6reOJpsickCDZCEgRo2WAFzx2ktB2kWryDgyKgScNAaPE0lCkXV0TrL3ByDDOGo:1rWoyq:5wq_eYClwEPL4mXJscleY0sSgxXxE_FW8x6Ps9W-LZ4", "expire_date": "2024-02-05T02:46:08.385Z"}}, {"model": "sessions.session", "pk": "b083poe4y4t35mrnaq822qm844o4yn4n", "fields": {"session_data": ".eJxVjDsOwjAQBe_iGln-ZP2hpOcMlte74ABypDipEHcnkVJA-2bmvUXK61LT2nlOI4mzCFqcfkfM5cltJ_TI7T7JMrVlHlHuijxol9eJ-HU53L-Dmnvdau1LVjYM9gbeeELwUACIIzOaaGAjDhUNYHOMjm0A9toGdLqgVy6IzxfxPDcy:1rYCS7:0eo41umE9k4cVeyLi9MnCW9Yh9mEI_V6kXaK3QbS0Po", "expire_date": "2024-02-08T22:09:23.939Z"}}, {"model": "sessions.session", "pk": "b63fo7e2euzkv50nnwiku1gvi5d05n78", "fields": {"session_data": ".eJxVjDsOwjAQBe_iGln-fyjpOYO1u3ZwANlSnFSIu0OkFNC-mXkvlmBba9pGWdKc2ZkFxU6_IwI9SttJvkO7dU69rcuMfFf4QQe_9lyel8P9O6gw6reOJpsickCDZCEgRo2WAFzx2ktB2kWryDgyKgScNAaPE0lCkXV0TrL3ByDDOGo:1rWq8x:frF0owsmqhiEEwqr0RlnlYv2ur30Ehbi1deRrn7YPpI", "expire_date": "2024-02-05T04:00:39.897Z"}}, {"model": "sessions.session", "pk": "b8o7w744vzr41nea1jh82vh3rnub3dwh", "fields": {"session_data": ".eJxVjDsOwjAQBe_iGln-fyjpOYO1u3ZwANlSnFSIu0OkFNC-mXkvlmBba9pGWdKc2ZkFxU6_IwI9SttJvkO7dU69rcuMfFf4QQe_9lyel8P9O6gw6reOJpsickCDZCEgRo2WAFzx2ktB2kWryDgyKgScNAaPE0lCkXV0TrL3ByDDOGo:1rWRYS:hVkFINTt3_yEaS9LMNy5ckH_l9hON0lWVopVzCl-p3w", "expire_date": "2024-02-04T01:45:20.326Z"}}, {"model": "sessions.session", "pk": "bij0fiq9m9ev2a8s4xs96wxj13gz7vbt", "fields": {"session_data": ".eJxVjDsOwjAQBe_iGln-fyjpOYO1u3ZwANlSnFSIu0OkFNC-mXkvlmBba9pGWdKc2ZkFxU6_IwI9SttJvkO7dU69rcuMfFf4QQe_9lyel8P9O6gw6reOJpsickCDZCEgRo2WAFzx2ktB2kWryDgyKgScNAaPE0lCkXV0TrL3ByDDOGo:1rWQVy:77jqIqrKwt-S3Lb4i4kziGvi8uyoxdoB1nizGiML-V4", "expire_date": "2024-02-04T00:38:42.227Z"}}, {"model": "sessions.session", "pk": "bj34irpvo94pg3e23sm447qs8nuie0nd", "fields": {"session_data": ".eJxVjDsOwjAQBe_iGln-fyjpOYO1u3ZwANlSnFSIu0OkFNC-mXkvlmBba9pGWdKc2ZkFxU6_IwI9SttJvkO7dU69rcuMfFf4QQe_9lyel8P9O6gw6reOJpsickCDZCEgRo2WAFzx2ktB2kWryDgyKgScNAaPE0lCkXV0TrL3ByDDOGo:1rWIUc:3u7XtxKM0nCJznIIjt587S4KJ2BaYP7DaST7-qUd6zw", "expire_date": "2024-02-03T16:05:46.444Z"}}, {"model": "sessions.session", "pk": "bkrpw3zg54dkf19p0kucqb3b2td2t1ej", "fields": {"session_data": ".eJxVjDsOwjAQBe_iGln-fyjpOYO1u3ZwANlSnFSIu0OkFNC-mXkvlmBba9pGWdKc2ZkFxU6_IwI9SttJvkO7dU69rcuMfFf4QQe_9lyel8P9O6gw6reOJpsickCDZCEgRo2WAFzx2ktB2kWryDgyKgScNAaPE0lCkXV0TrL3ByDDOGo:1rYZlU:g_UqvOsMI7_7KKVVfp4t_mZAaXDKKJlMj1rO0ZvJv_g", "expire_date": "2024-02-09T23:02:56.990Z"}}, {"model": "sessions.session", "pk": "bqf1i6vr5m6t1ytehwwkc7q759fs2e7l", "fields": {"session_data": ".eJxVjDsOwjAQBe_iGln-fyjpOYO1u3ZwANlSnFSIu0OkFNC-mXkvlmBba9pGWdKc2ZkFxU6_IwI9SttJvkO7dU69rcuMfFf4QQe_9lyel8P9O6gw6reOJpsickCDZCEgRo2WAFzx2ktB2kWryDgyKgScNAaPE0lCkXV0TrL3ByDDOGo:1rYZHy:R-MykAnnc3bSc2jf_-rEcEp8wStBeODzJyAVD1V00d0", "expire_date": "2024-02-09T22:32:26.066Z"}}, {"model": "sessions.session", "pk": "brupe3sapws4wt1x6jvze7fr75iojlq0", "fields": {"session_data": ".eJxVjDsOwjAQBe_iGln-fyjpOYO1u3ZwANlSnFSIu0OkFNC-mXkvlmBba9pGWdKc2ZkFxU6_IwI9SttJvkO7dU69rcuMfFf4QQe_9lyel8P9O6gw6reOJpsickCDZCEgRo2WAFzx2ktB2kWryDgyKgScNAaPE0lCkXV0TrL3ByDDOGo:1rWJ1Q:R_5EccKAPw0656DcM7peH8cke0Srw5stkudR0yF5RN0", "expire_date": "2024-02-03T16:38:40.111Z"}}, {"model": "sessions.session", "pk": "bzemdeqr5eznsx17ubpvefwa9ncsigik", "fields": {"session_data": ".eJxVjDsOwjAQBe_iGln-fyjpOYO1u3ZwANlSnFSIu0OkFNC-mXkvlmBba9pGWdKc2ZkFxU6_IwI9SttJvkO7dU69rcuMfFf4QQe_9lyel8P9O6gw6reOJpsickCDZCEgRo2WAFzx2ktB2kWryDgyKgScNAaPE0lCkXV0TrL3ByDDOGo:1rb9dZ:SpNs4kMz80l4osH-JqyvsDVDr3NxAvhchR3xsW9uWCg", "expire_date": "2024-02-17T01:45:25.378Z"}}, {"model": "sessions.session", "pk": "cbd7j0zag1m4zyvdh1omxha1gaic4hus", "fields": {"session_data": ".eJxVjMsOwiAQRf-FtSFSpjxcuvcbyAwDUjWQlHZl_HfbpAvd3nPOfYuA61LC2tMcJhYXocTpdyOMz1R3wA-s9yZjq8s8kdwVedAub43T63q4fwcFe9nq7D04FX0ejDYaBsigILNG6zwb5aMhq5Jm5WgjSWvOkTzwCGRHPKP4fAHK8ze0:1rP8Ef:MeHUhdOrlm4mjEWg0wrINUz3CGAqgYraha0yd8Tztsg", "expire_date": "2024-01-28T21:41:41.583Z"}}, {"model": "sessions.session", "pk": "ce0531301jb86vm4ppc4ygbg9j5ukct4", "fields": {"session_data": ".eJxVjDsOwjAQBe_iGln-fyjpOYO1u3ZwANlSnFSIu0OkFNC-mXkvlmBba9pGWdKc2ZkFxU6_IwI9SttJvkO7dU69rcuMfFf4QQe_9lyel8P9O6gw6reOJpsickCDZCEgRo2WAFzx2ktB2kWryDgyKgScNAaPE0lCkXV0TrL3ByDDOGo:1rb7tR:KRfIH9yyHc7YOTbFlagvNoF8-qESq2ZO55NEuLg-MLM", "expire_date": "2024-02-16T23:53:41.841Z"}}, {"model": "sessions.session", "pk": "ceokwvuq581jgd0uwca6hp0o8bxcwb8f", "fields": {"session_data": ".eJxVjDsOwjAQBe_iGln-fyjpOYO1u3ZwANlSnFSIu0OkFNC-mXkvlmBba9pGWdKc2ZkFxU6_IwI9SttJvkO7dU69rcuMfFf4QQe_9lyel8P9O6gw6reOJpsickCDZCEgRo2WAFzx2ktB2kWryDgyKgScNAaPE0lCkXV0TrL3ByDDOGo:1rWIeE:1c3f5bMhkyrk1C41Zlge9eEebpplfNM_HEMEZwdSx1g", "expire_date": "2024-02-03T16:14:42.808Z"}}, {"model": "sessions.session", "pk": "cgs5ne0uc43wcgsh4e79ed09nd095u9f", "fields": {"session_data": ".eJxVjDsOwjAQBe_iGln-fyjpOYO1u3ZwANlSnFSIu0OkFNC-mXkvlmBba9pGWdKc2ZkFxU6_IwI9SttJvkO7dU69rcuMfFf4QQe_9lyel8P9O6gw6reOJpsickCDZCEgRo2WAFzx2ktB2kWryDgyKgScNAaPE0lCkXV0TrL3ByDDOGo:1raG46:MUQ2G0mRNGdLXkxnFHJ4_PuhqTn1P2nnx4ajdkCqi88", "expire_date": "2024-02-14T14:25:06.663Z"}}, {"model": "sessions.session", "pk": "cntihcfzdooelxbpstn53o4ngxh7h9vi", "fields": {"session_data": ".eJxVjDsOwjAQBe_iGln-fyjpOYO1u3ZwANlSnFSIu0OkFNC-mXkvlmBba9pGWdKc2ZkFxU6_IwI9SttJvkO7dU69rcuMfFf4QQe_9lyel8P9O6gw6reOJpsickCDZCEgRo2WAFzx2ktB2kWryDgyKgScNAaPE0lCkXV0TrL3ByDDOGo:1rWsX4:Xl0UhOsehj7nefGD1nl1uN8de0AJFtS7VDzJuCaLT3Q", "expire_date": "2024-02-05T06:41:02.627Z"}}, {"model": "sessions.session", "pk": "cobjxlzmmyj8ov5dul6vrxcnp5bjwsi0", "fields": {"session_data": ".eJxVjMsOwiAQRf-FtSFSpjxcuvcbyAwDUjWQlHZl_HfbpAvd3nPOfYuA61LC2tMcJhYXocTpdyOMz1R3wA-s9yZjq8s8kdwVedAub43T63q4fwcFe9nq7D04FX0ejDYaBsigILNG6zwb5aMhq5Jm5WgjSWvOkTzwCGRHPKP4fAHK8ze0:1ralev:9-Uw8zN9PmZUjei-HTq5RdiKYpIoxXmWstb5A9VtuQM", "expire_date": "2024-02-16T00:09:13.131Z"}}, {"model": "sessions.session", "pk": "cu6099a88k6vnd24vasia0kmhu3f3of7", "fields": {"session_data": ".eJxVjDsOwjAQBe_iGln-fyjpOYO1u3ZwANlSnFSIu0OkFNC-mXkvlmBba9pGWdKc2ZkFxU6_IwI9SttJvkO7dU69rcuMfFf4QQe_9lyel8P9O6gw6reOJpsickCDZCEgRo2WAFzx2ktB2kWryDgyKgScNAaPE0lCkXV0TrL3ByDDOGo:1rYOQz:_JFGXMgDUxJJwnTnI7X4R3lg9XfjGGcwNUsgdkfbcl0", "expire_date": "2024-02-09T10:57:01.414Z"}}, {"model": "sessions.session", "pk": "d365zzqec66gte125cfreyvox8x9vfo5", "fields": {"session_data": ".eJxVjDsOwjAQBe_iGln-fyjpOYO1u3ZwANlSnFSIu0OkFNC-mXkvlmBba9pGWdKc2ZkFxU6_IwI9SttJvkO7dU69rcuMfFf4QQe_9lyel8P9O6gw6reOJpsickCDZCEgRo2WAFzx2ktB2kWryDgyKgScNAaPE0lCkXV0TrL3ByDDOGo:1raySt:bgzu-QFrLChh6A51fA5O3RJIMkRi80d2zowgEpUJ_Vw", "expire_date": "2024-02-16T13:49:39.622Z"}}, {"model": "sessions.session", "pk": "d8hdhvib8ofg2c3x2avyqcyl4yww0g1z", "fields": {"session_data": ".eJxVjDsOwjAQBe_iGln-fyjpOYO1u3ZwANlSnFSIu0OkFNC-mXkvlmBba9pGWdKc2ZkFxU6_IwI9SttJvkO7dU69rcuMfFf4QQe_9lyel8P9O6gw6reOJpsickCDZCEgRo2WAFzx2ktB2kWryDgyKgScNAaPE0lCkXV0TrL3ByDDOGo:1rZZLV:JNWpBQ33PQh8n2zN4ou_nt8C2VJOHK244mlYytfG8TM", "expire_date": "2024-02-12T16:48:13.139Z"}}, {"model": "sessions.session", "pk": "dh3zpubzzs79bdo79ntenzb1pmqbeq7e", "fields": {"session_data": ".eJxVjDsOwjAQBe_iGln-fyjpOYO1u3ZwANlSnFSIu0OkFNC-mXkvlmBba9pGWdKc2ZkFxU6_IwI9SttJvkO7dU69rcuMfFf4QQe_9lyel8P9O6gw6reOJpsickCDZCEgRo2WAFzx2ktB2kWryDgyKgScNAaPE0lCkXV0TrL3ByDDOGo:1rbn4w:NaHARHhevTkRoXBLNqSDI0GI3OQa8Be1uR32tFh2VdM", "expire_date": "2024-02-18T19:52:18.968Z"}}, {"model": "sessions.session", "pk": "dmzfaj41cewavd88kwng0bftc6b736dc", "fields": {"session_data": ".eJxVjDsOwjAQBe_iGln-fyjpOYO1u3ZwANlSnFSIu0OkFNC-mXkvlmBba9pGWdKc2ZkFxU6_IwI9SttJvkO7dU69rcuMfFf4QQe_9lyel8P9O6gw6reOJpsickCDZCEgRo2WAFzx2ktB2kWryDgyKgScNAaPE0lCkXV0TrL3ByDDOGo:1rZZA3:RVvRgIcGdEoYv8IVKBrVwojseHfcDyV_q2HAM8NArlU", "expire_date": "2024-02-12T16:36:23.797Z"}}, {"model": "sessions.session", "pk": "duky08lphqnrnqjwzvkztu3v9ne1fpli", "fields": {"session_data": ".eJxVjDsOwjAQBe_iGln-fyjpOYO1u3ZwANlSnFSIu0OkFNC-mXkvlmBba9pGWdKc2ZkFxU6_IwI9SttJvkO7dU69rcuMfFf4QQe_9lyel8P9O6gw6reOJpsickCDZCEgRo2WAFzx2ktB2kWryDgyKgScNAaPE0lCkXV0TrL3ByDDOGo:1rb8wl:Y7bBkCECfht2J3GRbnc6xRnUc2zhkk3J92B5sSx8mhA", "expire_date": "2024-02-17T01:01:11.934Z"}}, {"model": "sessions.session", "pk": "dul2s1tuy2vse7cw7svnkec4ayqsrzwl", "fields": {"session_data": ".eJxVjDsOwjAQBe_iGln-fyjpOYO1u3ZwANlSnFSIu0OkFNC-mXkvlmBba9pGWdKc2ZkFxU6_IwI9SttJvkO7dU69rcuMfFf4QQe_9lyel8P9O6gw6reOJpsickCDZCEgRo2WAFzx2ktB2kWryDgyKgScNAaPE0lCkXV0TrL3ByDDOGo:1rWS2d:I1rLLSg4E8p3OEFSF9BDHURsdZWgueGthDgGiRNYqrQ", "expire_date": "2024-02-04T02:16:31.463Z"}}, {"model": "sessions.session", "pk": "e8ok93tffycazubkg5320w8im6ly3grz", "fields": {"session_data": ".eJxVjDsOwjAQBe_iGln-fyjpOYO1u3ZwANlSnFSIu0OkFNC-mXkvlmBba9pGWdKc2ZkFxU6_IwI9SttJvkO7dU69rcuMfFf4QQe_9lyel8P9O6gw6reOJpsickCDZCEgRo2WAFzx2ktB2kWryDgyKgScNAaPE0lCkXV0TrL3ByDDOGo:1rZc4e:TxDGhaBrU4xmbfno45hNlUm1Xc3GVtXFs46v_bhmWfc", "expire_date": "2024-02-12T19:43:00.476Z"}}, {"model": "sessions.session", "pk": "efbenkvc7ir0lx83mydvssoyob1a6293", "fields": {"session_data": ".eJxVjDsOwjAQBe_iGln-fyjpOYO1u3ZwANlSnFSIu0OkFNC-mXkvlmBba9pGWdKc2ZkFxU6_IwI9SttJvkO7dU69rcuMfFf4QQe_9lyel8P9O6gw6reOJpsickCDZCEgRo2WAFzx2ktB2kWryDgyKgScNAaPE0lCkXV0TrL3ByDDOGo:1rb6MN:WSRFZKJjVylBJktI-S9-rUppCr6F99CEObH6aayky-8", "expire_date": "2024-02-16T22:15:27.450Z"}}, {"model": "sessions.session", "pk": "elqfvztvm8lvmpa3j72uyytkr6s2qt3v", "fields": {"session_data": ".eJxVjDsOwjAQBe_iGln-fyjpOYO1u3ZwANlSnFSIu0OkFNC-mXkvlmBba9pGWdKc2ZkFxU6_IwI9SttJvkO7dU69rcuMfFf4QQe_9lyel8P9O6gw6reOJpsickCDZCEgRo2WAFzx2ktB2kWryDgyKgScNAaPE0lCkXV0TrL3ByDDOGo:1rWJQX:5yWZq114OMoBIohetMb0YhZJN_-4P4BhDyOwiaOVum4", "expire_date": "2024-02-03T17:04:37.191Z"}}, {"model": "sessions.session", "pk": "emwr0hpal5gexrmcxxjzigl2znmfp2r8", "fields": {"session_data": ".eJxVjDsOwjAQBe_iGln-fyjpOYO1u3ZwANlSnFSIu0OkFNC-mXkvlmBba9pGWdKc2ZkFxU6_IwI9SttJvkO7dU69rcuMfFf4QQe_9lyel8P9O6gw6reOJpsickCDZCEgRo2WAFzx2ktB2kWryDgyKgScNAaPE0lCkXV0TrL3ByDDOGo:1rWIYZ:iefzYbBswJNb5-UKpNqBR5UKwvoW8j5AxlNgIXMfvrA", "expire_date": "2024-02-03T16:08:51.878Z"}}, {"model": "sessions.session", "pk": "etmhheklg01j27amg9ig22k9gjy28k12", "fields": {"session_data": ".eJxVjDsOwjAQBe_iGln-fyjpOYO1u3ZwANlSnFSIu0OkFNC-mXkvlmBba9pGWdKc2ZkFxU6_IwI9SttJvkO7dU69rcuMfFf4QQe_9lyel8P9O6gw6reOJpsickCDZCEgRo2WAFzx2ktB2kWryDgyKgScNAaPE0lCkXV0TrL3ByDDOGo:1rb7VN:QujZRaJ2fVHReMuN86poQHldoIQgTf7behbDhZTRIpc", "expire_date": "2024-02-16T23:28:49.752Z"}}, {"model": "sessions.session", "pk": "f2x93gmewqqq7b86ih33qtgxrepmne96", "fields": {"session_data": ".eJxVjDsOwjAQBe_iGln-fyjpOYO1u3ZwANlSnFSIu0OkFNC-mXkvlmBba9pGWdKc2ZkFxU6_IwI9SttJvkO7dU69rcuMfFf4QQe_9lyel8P9O6gw6reOJpsickCDZCEgRo2WAFzx2ktB2kWryDgyKgScNAaPE0lCkXV0TrL3ByDDOGo:1rayAz:cHzOAWhpwzEPebPV0p50WQqanKcbarPdv0SNNgdrc6o", "expire_date": "2024-02-16T13:31:09.222Z"}}, {"model": "sessions.session", "pk": "f44o3d3kdpv8b67r9h3bhzis7geanh72", "fields": {"session_data": ".eJxVjDsOwjAQBe_iGln-fyjpOYO1u3ZwANlSnFSIu0OkFNC-mXkvlmBba9pGWdKc2ZkFxU6_IwI9SttJvkO7dU69rcuMfFf4QQe_9lyel8P9O6gw6reOJpsickCDZCEgRo2WAFzx2ktB2kWryDgyKgScNAaPE0lCkXV0TrL3ByDDOGo:1rWpVv:iWqb4qz_0X6Q4ucgF_Stoa0fC4uWIBOvCr86c_lfbHw", "expire_date": "2024-02-05T03:20:19.559Z"}}, {"model": "sessions.session", "pk": "fesaowmv8v8pny4r7gfwhej7l6r0r92j", "fields": {"session_data": ".eJxVjDsOwjAQBe_iGln-fyjpOYO1u3ZwANlSnFSIu0OkFNC-mXkvlmBba9pGWdKc2ZkFxU6_IwI9SttJvkO7dU69rcuMfFf4QQe_9lyel8P9O6gw6reOJpsickCDZCEgRo2WAFzx2ktB2kWryDgyKgScNAaPE0lCkXV0TrL3ByDDOGo:1rZbM1:efSWKTxSSjiILVy32Bf6dLTIJ70zJelfFLvut_MH3lY", "expire_date": "2024-02-12T18:56:53.407Z"}}, {"model": "sessions.session", "pk": "fgj1p7bntt63vb7hd867rygtsz6fv218", "fields": {"session_data": ".eJxVjDsOwjAQBe_iGln-fyjpOYO1u3ZwANlSnFSIu0OkFNC-mXkvlmBba9pGWdKc2ZkFxU6_IwI9SttJvkO7dU69rcuMfFf4QQe_9lyel8P9O6gw6reOJpsickCDZCEgRo2WAFzx2ktB2kWryDgyKgScNAaPE0lCkXV0TrL3ByDDOGo:1rWQR4:tXemewo_PW4GgTjszp77a1MleA6mSJXw8uuOTECou6M", "expire_date": "2024-02-04T00:33:38.121Z"}}, {"model": "sessions.session", "pk": "fq9exzxrwmu0usziirwjtu6lizxw05w8", "fields": {"session_data": ".eJxVjDsOwjAQBe_iGln-fyjpOYO1u3ZwANlSnFSIu0OkFNC-mXkvlmBba9pGWdKc2ZkFxU6_IwI9SttJvkO7dU69rcuMfFf4QQe_9lyel8P9O6gw6reOJpsickCDZCEgRo2WAFzx2ktB2kWryDgyKgScNAaPE0lCkXV0TrL3ByDDOGo:1rbIYx:Cr8w7r7pIsY1TYZTAXCdGgQltMhbBcXBqVPB21LZwAU", "expire_date": "2024-02-17T11:17:15.800Z"}}, {"model": "sessions.session", "pk": "glup01nj2lb8b0bspybp1gm9ucxr0obz", "fields": {"session_data": ".eJxVjDsOwjAQBe_iGln-ZP2hpOcMlte74ABypDipEHcnkVJA-2bmvUXK61LT2nlOI4mzCFqcfkfM5cltJ_TI7T7JMrVlHlHuijxol9eJ-HU53L-Dmnvdau1LVjYM9gbeeELwUACIIzOaaGAjDhUNYHOMjm0A9toGdLqgVy6IzxfxPDcy:1rYCA9:_FNnlMIFc0AbQ5atwOPKlpGEFBRzx9BDyy0kbXgVfVg", "expire_date": "2024-02-08T21:50:49.778Z"}}, {"model": "sessions.session", "pk": "gqmguole2ri8j1ggjynlmown1xk8ahss", "fields": {"session_data": ".eJxVjDsOwjAQBe_iGln-fyjpOYO1u3ZwANlSnFSIu0OkFNC-mXkvlmBba9pGWdKc2ZkFxU6_IwI9SttJvkO7dU69rcuMfFf4QQe_9lyel8P9O6gw6reOJpsickCDZCEgRo2WAFzx2ktB2kWryDgyKgScNAaPE0lCkXV0TrL3ByDDOGo:1rblKI:vbrQFXw9EzGdXHRaR4hrvduBkurOjMxe-0gsHGy1oO8", "expire_date": "2024-02-18T18:00:02.322Z"}}, {"model": "sessions.session", "pk": "h1q16ups6h306ccada2bq4xkjqm2jxwv", "fields": {"session_data": ".eJxVjDsOwjAQBe_iGln-fyjpOYO1u3ZwANlSnFSIu0OkFNC-mXkvlmBba9pGWdKc2ZkFxU6_IwI9SttJvkO7dU69rcuMfFf4QQe_9lyel8P9O6gw6reOJpsickCDZCEgRo2WAFzx2ktB2kWryDgyKgScNAaPE0lCkXV0TrL3ByDDOGo:1rX6kN:nRbjIDbbCidOz5bbj98L9-M9_ONRxceni1qyIeG7tGQ", "expire_date": "2024-02-05T21:51:43.332Z"}}, {"model": "sessions.session", "pk": "h1s4880yuxbake4tuotzvx5i1kbr4vl3", "fields": {"session_data": ".eJxVjDsOwjAQBe_iGln-ZP2hpOcMlte74ABypDipEHcnkVJA-2bmvUXK61LT2nlOI4mzCFqcfkfM5cltJ_TI7T7JMrVlHlHuijxol9eJ-HU53L-Dmnvdau1LVjYM9gbeeELwUACIIzOaaGAjDhUNYHOMjm0A9toGdLqgVy6IzxfxPDcy:1rYBUm:74m0SE27k1piCWvZyApQWR2tVdas8BSnXBYoOSJojiI", "expire_date": "2024-02-08T21:08:04.726Z"}}, {"model": "sessions.session", "pk": "hfwhvr1rnhb343vmmrt0qoi5qixbz56g", "fields": {"session_data": ".eJxVjDsOwjAQBe_iGln-fyjpOYO1u3ZwANlSnFSIu0OkFNC-mXkvlmBba9pGWdKc2ZkFxU6_IwI9SttJvkO7dU69rcuMfFf4QQe_9lyel8P9O6gw6reOJpsickCDZCEgRo2WAFzx2ktB2kWryDgyKgScNAaPE0lCkXV0TrL3ByDDOGo:1rWJ8B:PhiwJmHmvEzNErv_YNTvvaQTrbqTfBmX-1PwUOfweDs", "expire_date": "2024-02-03T16:45:39.007Z"}}, {"model": "sessions.session", "pk": "hgr1to5jyorivlpmvibvu4b09mlayleh", "fields": {"session_data": ".eJxVjDsOwjAQBe_iGln-fyjpOYO1u3ZwANlSnFSIu0OkFNC-mXkvlmBba9pGWdKc2ZkFxU6_IwI9SttJvkO7dU69rcuMfFf4QQe_9lyel8P9O6gw6reOJpsickCDZCEgRo2WAFzx2ktB2kWryDgyKgScNAaPE0lCkXV0TrL3ByDDOGo:1rcu6M:4exUjtx4faR0FsRUIuj-cjxwtjcd_n0Q3e91g4aAdEE", "expire_date": "2024-02-21T21:34:22.635Z"}}, {"model": "sessions.session", "pk": "hmfytxu11wqsxai54iet7ojbrttchu1g", "fields": {"session_data": ".eJxVjDsOwjAQBe_iGln-fyjpOYO1u3ZwANlSnFSIu0OkFNC-mXkvlmBba9pGWdKc2ZkFxU6_IwI9SttJvkO7dU69rcuMfFf4QQe_9lyel8P9O6gw6reOJpsickCDZCEgRo2WAFzx2ktB2kWryDgyKgScNAaPE0lCkXV0TrL3ByDDOGo:1raHd3:akosucFsvr9qIhsqt7_hcJSdRO1jXJ-XvWZQgl2tbq4", "expire_date": "2024-02-14T16:05:17.685Z"}}, {"model": "sessions.session", "pk": "icoc3ndl5b69iewwidga46l22zzne6k3", "fields": {"session_data": ".eJxVjDsOwjAQBe_iGln-fyjpOYO1u3ZwANlSnFSIu0OkFNC-mXkvlmBba9pGWdKc2ZkFxU6_IwI9SttJvkO7dU69rcuMfFf4QQe_9lyel8P9O6gw6reOJpsickCDZCEgRo2WAFzx2ktB2kWryDgyKgScNAaPE0lCkXV0TrL3ByDDOGo:1rZgFB:8bd6-pwBFE2gA4d2gURVm21_a2T6He8q80lgq5n6SK4", "expire_date": "2024-02-13T00:10:09.381Z"}}, {"model": "sessions.session", "pk": "icwykx8xc1aljnqycp0fhd5n4afcsfl8", "fields": {"session_data": ".eJxVjDsOwjAQBe_iGln-fyjpOYO1u3ZwANlSnFSIu0OkFNC-mXkvlmBba9pGWdKc2ZkFxU6_IwI9SttJvkO7dU69rcuMfFf4QQe_9lyel8P9O6gw6reOJpsickCDZCEgRo2WAFzx2ktB2kWryDgyKgScNAaPE0lCkXV0TrL3ByDDOGo:1rZZUL:PRvXRVqrw_6dhSuJMxNqV087RnoPO9aBuLv5NdyoRRI", "expire_date": "2024-02-12T16:57:21.599Z"}}, {"model": "sessions.session", "pk": "irrh9noc98zy3dueacm0r3qdqjesd4ms", "fields": {"session_data": ".eJxVjDsOwjAQBe_iGln-fyjpOYO1u3ZwANlSnFSIu0OkFNC-mXkvlmBba9pGWdKc2ZkFxU6_IwI9SttJvkO7dU69rcuMfFf4QQe_9lyel8P9O6gw6reOJpsickCDZCEgRo2WAFzx2ktB2kWryDgyKgScNAaPE0lCkXV0TrL3ByDDOGo:1rWRX1:G9iW9d2v0r3-myV59kpM5GHww5B5AG7FcPW9K4zhNVI", "expire_date": "2024-02-04T01:43:51.614Z"}}, {"model": "sessions.session", "pk": "isljozn3dw7e8zmj9ffsgit1lui2bfqe", "fields": {"session_data": ".eJxVjDsOwjAQBe_iGln-fyjpOYO1u3ZwANlSnFSIu0OkFNC-mXkvlmBba9pGWdKc2ZkFxU6_IwI9SttJvkO7dU69rcuMfFf4QQe_9lyel8P9O6gw6reOJpsickCDZCEgRo2WAFzx2ktB2kWryDgyKgScNAaPE0lCkXV0TrL3ByDDOGo:1rWIpV:PAZFBsa14bagC7hjPZMYJp01hJDomZQOPSJGBsUz3DQ", "expire_date": "2024-02-03T16:26:21.853Z"}}, {"model": "sessions.session", "pk": "izemsrqkimuty2c988xve9zxpk5uh9hs", "fields": {"session_data": ".eJxVjDsOwjAQBe_iGln-fyjpOYO1u3ZwANlSnFSIu0OkFNC-mXkvlmBba9pGWdKc2ZkFxU6_IwI9SttJvkO7dU69rcuMfFf4QQe_9lyel8P9O6gw6reOJpsickCDZCEgRo2WAFzx2ktB2kWryDgyKgScNAaPE0lCkXV0TrL3ByDDOGo:1rbliJ:aZmiEMOzdrQzzd-rKDyME4oQJcba-zeJvPY9JJ7QOy4", "expire_date": "2024-02-18T18:24:51.250Z"}}, {"model": "sessions.session", "pk": "j4zo7apwgpcsstj03t37nmaycpi9rjd5", "fields": {"session_data": ".eJxVjDsOwjAQBe_iGln-fyjpOYO1u3ZwANlSnFSIu0OkFNC-mXkvlmBba9pGWdKc2ZkFxU6_IwI9SttJvkO7dU69rcuMfFf4QQe_9lyel8P9O6gw6reOJpsickCDZCEgRo2WAFzx2ktB2kWryDgyKgScNAaPE0lCkXV0TrL3ByDDOGo:1rWq4U:5dny3OX85zN4PBFDmPxc45eWC8k4Yk_ah9_irUGBpww", "expire_date": "2024-02-05T03:56:02.233Z"}}, {"model": "sessions.session", "pk": "jyroww4uorpgfpfa78eeeg1pqbqxqzej", "fields": {"session_data": ".eJxVjDsOwjAQBe_iGln-fyjpOYO1u3ZwANlSnFSIu0OkFNC-mXkvlmBba9pGWdKc2ZkFxU6_IwI9SttJvkO7dU69rcuMfFf4QQe_9lyel8P9O6gw6reOJpsickCDZCEgRo2WAFzx2ktB2kWryDgyKgScNAaPE0lCkXV0TrL3ByDDOGo:1rWSJN:8HwreYUrxcG0JgJQbG7iMrfKplpkwSiarQXYCYoNu7k", "expire_date": "2024-02-04T02:33:49.149Z"}}, {"model": "sessions.session", "pk": "kj9efsu74lci5hzfzz0fp35zn69fauld", "fields": {"session_data": ".eJxVjDsOwjAQBe_iGln-fyjpOYO1u3ZwANlSnFSIu0OkFNC-mXkvlmBba9pGWdKc2ZkFxU6_IwI9SttJvkO7dU69rcuMfFf4QQe_9lyel8P9O6gw6reOJpsickCDZCEgRo2WAFzx2ktB2kWryDgyKgScNAaPE0lCkXV0TrL3ByDDOGo:1rX4tq:uDHk-i4ZK0YwGwzaIn2NrDaCU7lZDQtdYVBPwd-gfkg", "expire_date": "2024-02-05T19:53:22.063Z"}}, {"model": "sessions.session", "pk": "klpulhofcg1lvsf5v79cwtznkz5t2agd", "fields": {"session_data": ".eJxVjDsOwjAQBe_iGln-fyjpOYO1u3ZwANlSnFSIu0OkFNC-mXkvlmBba9pGWdKc2ZkFxU6_IwI9SttJvkO7dU69rcuMfFf4QQe_9lyel8P9O6gw6reOJpsickCDZCEgRo2WAFzx2ktB2kWryDgyKgScNAaPE0lCkXV0TrL3ByDDOGo:1rP3aZ:bABOJRXDpkFNBqJFzjcyXwxj816PNyFZvAyQEW9iR3s", "expire_date": "2024-01-28T16:43:59.442Z"}}, {"model": "sessions.session", "pk": "l2t2ea7zs3oj38731r06caeiuk93yzkr", "fields": {"session_data": ".eJxVjMsOwiAQRf-FtSFSpjxcuvcbyAwDUjWQlHZl_HfbpAvd3nPOfYuA61LC2tMcJhYXocTpdyOMz1R3wA-s9yZjq8s8kdwVedAub43T63q4fwcFe9nq7D04FX0ejDYaBsigILNG6zwb5aMhq5Jm5WgjSWvOkTzwCGRHPKP4fAHK8ze0:1raFu3:srabv_05DYu6p5P32pEkrjMXGQrrgzOqObFXKjQ11Po", "expire_date": "2024-02-14T14:14:43.039Z"}}, {"model": "sessions.session", "pk": "lgxyjpivnnuk1mxmh86bptvhx3lc6v8z", "fields": {"session_data": ".eJxVjDsOwjAQBe_iGln-fyjpOYO1u3ZwANlSnFSIu0OkFNC-mXkvlmBba9pGWdKc2ZkFxU6_IwI9SttJvkO7dU69rcuMfFf4QQe_9lyel8P9O6gw6reOJpsickCDZCEgRo2WAFzx2ktB2kWryDgyKgScNAaPE0lCkXV0TrL3ByDDOGo:1rb6jn:0ck8NarBE4kVAW4xFcC7E1--V8ply4Uf-UYf7OYRLtE", "expire_date": "2024-02-16T22:39:39.227Z"}}, {"model": "sessions.session", "pk": "lrqd8p780feqoh5zmhq9cl9yfyb9g3k5", "fields": {"session_data": ".eJxVjDsOwjAQBe_iGln-fyjpOYO1u3ZwANlSnFSIu0OkFNC-mXkvlmBba9pGWdKc2ZkFxU6_IwI9SttJvkO7dU69rcuMfFf4QQe_9lyel8P9O6gw6reOJpsickCDZCEgRo2WAFzx2ktB2kWryDgyKgScNAaPE0lCkXV0TrL3ByDDOGo:1rWpXs:00zgbsfvj94jz0nAP1GkPiNg934TO-gr-V2OuBD-4BA", "expire_date": "2024-02-05T03:22:20.557Z"}}, {"model": "sessions.session", "pk": "m87i55tty6gwxauo0eu4mb1ue5nevnq7", "fields": {"session_data": ".eJxVjDsOwjAQBe_iGln-fyjpOYO1u3ZwANlSnFSIu0OkFNC-mXkvlmBba9pGWdKc2ZkFxU6_IwI9SttJvkO7dU69rcuMfFf4QQe_9lyel8P9O6gw6reOJpsickCDZCEgRo2WAFzx2ktB2kWryDgyKgScNAaPE0lCkXV0TrL3ByDDOGo:1rb96o:d9Pqe0Ap1S-Z4Nrjr1fU6i3rH8pLIKavoCJLTwT8Fp4", "expire_date": "2024-02-17T01:11:34.958Z"}}, {"model": "sessions.session", "pk": "mfmxeqvr7eo9i4hbuq70oec1kz598l1a", "fields": {"session_data": ".eJxVjDsOwjAQBe_iGln-fyjpOYO1u3ZwANlSnFSIu0OkFNC-mXkvlmBba9pGWdKc2ZkFxU6_IwI9SttJvkO7dU69rcuMfFf4QQe_9lyel8P9O6gw6reOJpsickCDZCEgRo2WAFzx2ktB2kWryDgyKgScNAaPE0lCkXV0TrL3ByDDOGo:1ralzE:e1zX3QeB0ZfXtNiYBaDim8fCNA-T3sx2115hHldlwV8", "expire_date": "2024-02-16T00:30:12.799Z"}}, {"model": "sessions.session", "pk": "mnbinxc5mbr8vucdg0sx34qbnty4kupz", "fields": {"session_data": ".eJxVjDsOwjAQBe_iGln-fyjpOYO1u3ZwANlSnFSIu0OkFNC-mXkvlmBba9pGWdKc2ZkFxU6_IwI9SttJvkO7dU69rcuMfFf4QQe_9lyel8P9O6gw6reOJpsickCDZCEgRo2WAFzx2ktB2kWryDgyKgScNAaPE0lCkXV0TrL3ByDDOGo:1rWQGx:a1DsYvZUvp1ogwLQiD3-wEO5y1-sgiTV7fbzxUalEtA", "expire_date": "2024-02-04T00:23:11.777Z"}}, {"model": "sessions.session", "pk": "molj0k58rgi4ca0qjrwh8bdw5l2poy8w", "fields": {"session_data": ".eJxVjDsOwjAQBe_iGln-fyjpOYO1u3ZwANlSnFSIu0OkFNC-mXkvlmBba9pGWdKc2ZkFxU6_IwI9SttJvkO7dU69rcuMfFf4QQe_9lyel8P9O6gw6reOJpsickCDZCEgRo2WAFzx2ktB2kWryDgyKgScNAaPE0lCkXV0TrL3ByDDOGo:1rX72s:voZ_4c_NXempxP5R2UVOtsobhds1eEdqR6-vfeMgaHE", "expire_date": "2024-02-05T22:10:50.783Z"}}, {"model": "sessions.session", "pk": "mooz0ljhyp4cwxqm0lsx2w7e4eltycxr", "fields": {"session_data": ".eJxVjDsOwjAQBe_iGln-fyjpOYO1u3ZwANlSnFSIu0OkFNC-mXkvlmBba9pGWdKc2ZkFxU6_IwI9SttJvkO7dU69rcuMfFf4QQe_9lyel8P9O6gw6reOJpsickCDZCEgRo2WAFzx2ktB2kWryDgyKgScNAaPE0lCkXV0TrL3ByDDOGo:1rWQON:K0ilUwEz39O1XVmrMG_0Gm_kpAqGPtkk3jf-0NtHNqI", "expire_date": "2024-02-04T00:30:51.380Z"}}, {"model": "sessions.session", "pk": "mut9j6uqi7xjfbla4sd73gib8k1hvutu", "fields": {"session_data": ".eJxVjDsOwjAQBe_iGln-fyjpOYO1u3ZwANlSnFSIu0OkFNC-mXkvlmBba9pGWdKc2ZkFxU6_IwI9SttJvkO7dU69rcuMfFf4QQe_9lyel8P9O6gw6reOJpsickCDZCEgRo2WAFzx2ktB2kWryDgyKgScNAaPE0lCkXV0TrL3ByDDOGo:1rb8Sx:yzA5R6YUMaaMH2VsxrXHZXb496x5TFdWz5Pxxin5l4A", "expire_date": "2024-02-17T00:30:23.065Z"}}, {"model": "sessions.session", "pk": "myz3igctf7kfk0moph4gymuax5ecdspz", "fields": {"session_data": ".eJxVjDsOwjAQBe_iGln-fyjpOYO1u3ZwANlSnFSIu0OkFNC-mXkvlmBba9pGWdKc2ZkFxU6_IwI9SttJvkO7dU69rcuMfFf4QQe_9lyel8P9O6gw6reOJpsickCDZCEgRo2WAFzx2ktB2kWryDgyKgScNAaPE0lCkXV0TrL3ByDDOGo:1rWJht:VoUlIwgnsNyxlcGOjx59NVw0TrhvtXPSoOTj9LjdZq8", "expire_date": "2024-02-03T17:22:33.198Z"}}, {"model": "sessions.session", "pk": "nzb2wniiv6mkolbes1sn4knn30z6a5v2", "fields": {"session_data": ".eJxVjDsOwjAQBe_iGln-fyjpOYO1u3ZwANlSnFSIu0OkFNC-mXkvlmBba9pGWdKc2ZkFxU6_IwI9SttJvkO7dU69rcuMfFf4QQe_9lyel8P9O6gw6reOJpsickCDZCEgRo2WAFzx2ktB2kWryDgyKgScNAaPE0lCkXV0TrL3ByDDOGo:1razED:uSzPHOHob_quAJojgPSce-iMoYv8SCu4piMb-wCoQ3U", "expire_date": "2024-02-16T14:38:33.400Z"}}, {"model": "sessions.session", "pk": "nzvcvnydlk01eqwahlmdo5yfb7lyodl4", "fields": {"session_data": ".eJxVjDsOwjAQBe_iGln-fyjpOYO1u3ZwANlSnFSIu0OkFNC-mXkvlmBba9pGWdKc2ZkFxU6_IwI9SttJvkO7dU69rcuMfFf4QQe_9lyel8P9O6gw6reOJpsickCDZCEgRo2WAFzx2ktB2kWryDgyKgScNAaPE0lCkXV0TrL3ByDDOGo:1rWR5y:t8J8zZ0ZZjCQXdUvtzHc7Bnu52tJA-3HC2JYXOsaQr4", "expire_date": "2024-02-04T01:15:54.895Z"}}, {"model": "sessions.session", "pk": "o7q3gdalf7e2bftzpy8at7o0czou00hd", "fields": {"session_data": ".eJxVjDsOwjAQBe_iGln-fyjpOYO1u3ZwANlSnFSIu0OkFNC-mXkvlmBba9pGWdKc2ZkFxU6_IwI9SttJvkO7dU69rcuMfFf4QQe_9lyel8P9O6gw6reOJpsickCDZCEgRo2WAFzx2ktB2kWryDgyKgScNAaPE0lCkXV0TrL3ByDDOGo:1rWpgf:G2dU_WZZCbIW0aaTFub6BTlsa8oL7CiKMnEUtMWUQnM", "expire_date": "2024-02-05T03:31:25.512Z"}}, {"model": "sessions.session", "pk": "oefqm9f0vahozr7a37ci45mr7losqbtj", "fields": {"session_data": ".eJxVjEEOwiAQRe_C2hCgQsGl-56BDDODVA0kpV0Z765NutDtf-_9l4iwrSVunZc4k7gIb8Tpd0yAD647oTvUW5PY6rrMSe6KPGiXUyN-Xg_376BAL99aIyijErFBZwgs5qTJ6dHQ6JgpMA1e-8GF7I31kO2g-QzgkmWFqIN4fwAo-TjA:1r4nnL:59OD-7Ymw8ET9H-E4GZASMxvldKTrrAmQSyR5N4GTTw", "expire_date": "2023-12-03T19:49:27.405Z"}}, {"model": "sessions.session", "pk": "okngw91uu60fq7f26btn90lgcpnehu5j", "fields": {"session_data": ".eJxVjDsOwjAQBe_iGln-fyjpOYO1u3ZwANlSnFSIu0OkFNC-mXkvlmBba9pGWdKc2ZkFxU6_IwI9SttJvkO7dU69rcuMfFf4QQe_9lyel8P9O6gw6reOJpsickCDZCEgRo2WAFzx2ktB2kWryDgyKgScNAaPE0lCkXV0TrL3ByDDOGo:1raxqb:x_Lz5W1trjvBOxHQHgoEvIbra_IPELMz93UzllYdOBQ", "expire_date": "2024-02-16T13:10:05.545Z"}}, {"model": "sessions.session", "pk": "os4v8jqb59ii0pj1x3rtoww0tw8uspeo", "fields": {"session_data": ".eJxVjDsOwjAQBe_iGln-fyjpOYO1u3ZwANlSnFSIu0OkFNC-mXkvlmBba9pGWdKc2ZkFxU6_IwI9SttJvkO7dU69rcuMfFf4QQe_9lyel8P9O6gw6reOJpsickCDZCEgRo2WAFzx2ktB2kWryDgyKgScNAaPE0lCkXV0TrL3ByDDOGo:1rWs1g:6NuNAwvVfdJD2fPDchOzuwGEeY1-dN749fH-d8FyflI", "expire_date": "2024-02-05T06:01:16.777Z"}}, {"model": "sessions.session", "pk": "ou7ca3ohcp7jxpwz6r156gceccxvp516", "fields": {"session_data": ".eJxVjDsOwjAQBe_iGln-fyjpOYO1u3ZwANlSnFSIu0OkFNC-mXkvlmBba9pGWdKc2ZkFxU6_IwI9SttJvkO7dU69rcuMfFf4QQe_9lyel8P9O6gw6reOJpsickCDZCEgRo2WAFzx2ktB2kWryDgyKgScNAaPE0lCkXV0TrL3ByDDOGo:1rWJmG:YpPlG9INOEAmK_y4RTgDdDSpUia4iL4_esDDVPOhkZA", "expire_date": "2024-02-03T17:27:04.957Z"}}, {"model": "sessions.session", "pk": "p3g610uqabooew9y4ogtptoby1i89v86", "fields": {"session_data": ".eJxVjDsOwjAQBe_iGln-fyjpOYO1u3ZwANlSnFSIu0OkFNC-mXkvlmBba9pGWdKc2ZkFxU6_IwI9SttJvkO7dU69rcuMfFf4QQe_9lyel8P9O6gw6reOJpsickCDZCEgRo2WAFzx2ktB2kWryDgyKgScNAaPE0lCkXV0TrL3ByDDOGo:1rblZa:e66mK0hhC5VG47phxVzmQ9d9JZvFlLnlxPbvXDywzYE", "expire_date": "2024-02-18T18:15:50.302Z"}}, {"model": "sessions.session", "pk": "p43qqxhin3v0i7jpjilbyhk2iyyq5103", "fields": {"session_data": ".eJxVjDsOwjAQBe_iGln-fyjpOYO1u3ZwANlSnFSIu0OkFNC-mXkvlmBba9pGWdKc2ZkFxU6_IwI9SttJvkO7dU69rcuMfFf4QQe_9lyel8P9O6gw6reOJpsickCDZCEgRo2WAFzx2ktB2kWryDgyKgScNAaPE0lCkXV0TrL3ByDDOGo:1rWJVQ:4roygGqpgq53VmArt3e7Ln-hosydEN8tkLoH-kZRdKE", "expire_date": "2024-02-03T17:09:40.286Z"}}, {"model": "sessions.session", "pk": "pfncodyk3oyvemyvf5j199vx57ppap9b", "fields": {"session_data": ".eJxVjDsOwjAQBe_iGln-fyjpOYO1u3ZwANlSnFSIu0OkFNC-mXkvlmBba9pGWdKc2ZkFxU6_IwI9SttJvkO7dU69rcuMfFf4QQe_9lyel8P9O6gw6reOJpsickCDZCEgRo2WAFzx2ktB2kWryDgyKgScNAaPE0lCkXV0TrL3ByDDOGo:1rWRQJ:o5RfbtJnzVOrijXzDppkk2XCyvkXcXLJ5CUIu10JyyM", "expire_date": "2024-02-04T01:36:55.559Z"}}, {"model": "sessions.session", "pk": "pfvd6uf4xqbwmz90hb1as8fsx2exl74y", "fields": {"session_data": ".eJxVjMsOwiAQRf-FtSFSpjxcuvcbyAwDUjWQlHZl_HfbpAvd3nPOfYuA61LC2tMcJhYXocTpdyOMz1R3wA-s9yZjq8s8kdwVedAub43T63q4fwcFe9nq7D04FX0ejDYaBsigILNG6zwb5aMhq5Jm5WgjSWvOkTzwCGRHPKP4fAHK8ze0:1rYOhr:7vD3TpA-Z-SISwE8B9nm3lswfQxImrFzJyfbOdp5lMk", "expire_date": "2024-02-09T11:14:27.357Z"}}, {"model": "sessions.session", "pk": "phvqa7a3059pfaevxtxazww92zo62ndi", "fields": {"session_data": ".eJxVjDsOwjAQBe_iGln-ZP2hpOcMlte74ABypDipEHcnkVJA-2bmvUXK61LT2nlOI4mzCFqcfkfM5cltJ_TI7T7JMrVlHlHuijxol9eJ-HU53L-Dmnvdau1LVjYM9gbeeELwUACIIzOaaGAjDhUNYHOMjm0A9toGdLqgVy6IzxfxPDcy:1rYD1w:RUu8XVt7MaoW3_GrPaTtH1oYEZsNE49UlXp2oobi1AI", "expire_date": "2024-02-08T22:46:24.610Z"}}, {"model": "sessions.session", "pk": "piu08ob7liqigzpgna7y0x7vkpgmmiy6", "fields": {"session_data": ".eJxVjDsOwjAQBe_iGln-fyjpOYO1u3ZwANlSnFSIu0OkFNC-mXkvlmBba9pGWdKc2ZkFxU6_IwI9SttJvkO7dU69rcuMfFf4QQe_9lyel8P9O6gw6reOJpsickCDZCEgRo2WAFzx2ktB2kWryDgyKgScNAaPE0lCkXV0TrL3ByDDOGo:1rWpeT:uuXE8oHPgPszbE7Bi_gs7UAKl1NgRICsMcKgigbtcko", "expire_date": "2024-02-05T03:29:09.791Z"}}, {"model": "sessions.session", "pk": "pnen9kflm8z92r9sui7h9xkoymmr76mj", "fields": {"session_data": ".eJxVjDsOwjAQBe_iGln-fyjpOYO1u3ZwANlSnFSIu0OkFNC-mXkvlmBba9pGWdKc2ZkFxU6_IwI9SttJvkO7dU69rcuMfFf4QQe_9lyel8P9O6gw6reOJpsickCDZCEgRo2WAFzx2ktB2kWryDgyKgScNAaPE0lCkXV0TrL3ByDDOGo:1rTpsb:3mYn-3kt-l0VLh8zD8zQLvRkSFt0NkCPHidhVA-Z0ak", "expire_date": "2024-02-10T21:06:21.285Z"}}, {"model": "sessions.session", "pk": "pq7c7978q9st3b0nbb7jinfscx7743f3", "fields": {"session_data": ".eJxVjDsOwjAQBe_iGln-fyjpOYO1u3ZwANlSnFSIu0OkFNC-mXkvlmBba9pGWdKc2ZkFxU6_IwI9SttJvkO7dU69rcuMfFf4QQe_9lyel8P9O6gw6reOJpsickCDZCEgRo2WAFzx2ktB2kWryDgyKgScNAaPE0lCkXV0TrL3ByDDOGo:1rWRvy:995Wree1uH27yU8sqijP0fK0EWfnv9L5YJ20U_qgVwk", "expire_date": "2024-02-04T02:09:38.085Z"}}, {"model": "sessions.session", "pk": "q0nodd8gz10xslzz4ehz3kzyn0irs30w", "fields": {"session_data": ".eJxVjDsOwjAQBe_iGln-fyjpOYO1u3ZwANlSnFSIu0OkFNC-mXkvlmBba9pGWdKc2ZkFxU6_IwI9SttJvkO7dU69rcuMfFf4QQe_9lyel8P9O6gw6reOJpsickCDZCEgRo2WAFzx2ktB2kWryDgyKgScNAaPE0lCkXV0TrL3ByDDOGo:1rWpy3:hcehtNFMbR484p6iAO6NgK8bOmSIGS8VsH507uk4qNo", "expire_date": "2024-02-05T03:49:23.190Z"}}, {"model": "sessions.session", "pk": "q2zj7q9bwwtxuh9jn4mbqp54umn6oq1i", "fields": {"session_data": ".eJxVjDsOwjAQBe_iGln-fyjpOYO1u3ZwANlSnFSIu0OkFNC-mXkvlmBba9pGWdKc2ZkFxU6_IwI9SttJvkO7dU69rcuMfFf4QQe_9lyel8P9O6gw6reOJpsickCDZCEgRo2WAFzx2ktB2kWryDgyKgScNAaPE0lCkXV0TrL3ByDDOGo:1rWR9w:tOd0ysiI_lPPp3SGJR9Fr58jATusCSB-dDUQHvFzfMs", "expire_date": "2024-02-04T01:20:00.395Z"}}, {"model": "sessions.session", "pk": "q9b7pjmashpfvb12lvxlafds5ozikizd", "fields": {"session_data": ".eJxVjDsOwjAQBe_iGln-fyjpOYO1u3ZwANlSnFSIu0OkFNC-mXkvlmBba9pGWdKc2ZkFxU6_IwI9SttJvkO7dU69rcuMfFf4QQe_9lyel8P9O6gw6reOJpsickCDZCEgRo2WAFzx2ktB2kWryDgyKgScNAaPE0lCkXV0TrL3ByDDOGo:1rcmSj:QnCaYFgBtVVDlfsnylNkYcUhXeqapp8CxSBzB4uX1v0", "expire_date": "2024-02-21T13:24:57.670Z"}}, {"model": "sessions.session", "pk": "qeed4lx6db8w8szfssdq41ci5dpqszqt", "fields": {"session_data": ".eJxVjDsOwjAQBe_iGln-fyjpOYO1u3ZwANlSnFSIu0OkFNC-mXkvlmBba9pGWdKc2ZkFxU6_IwI9SttJvkO7dU69rcuMfFf4QQe_9lyel8P9O6gw6reOJpsickCDZCEgRo2WAFzx2ktB2kWryDgyKgScNAaPE0lCkXV0TrL3ByDDOGo:1rWRxz:Niyv2x2sV4E8LoL8QUFfgTcu7w3f1Xu_YCKefo2tTEU", "expire_date": "2024-02-04T02:11:43.217Z"}}, {"model": "sessions.session", "pk": "qgqtb458sfzi3xp0uc0abakkpmuggahu", "fields": {"session_data": ".eJxVjDsOwjAQBe_iGln-fyjpOYO1u3ZwANlSnFSIu0OkFNC-mXkvlmBba9pGWdKc2ZkFxU6_IwI9SttJvkO7dU69rcuMfFf4QQe_9lyel8P9O6gw6reOJpsickCDZCEgRo2WAFzx2ktB2kWryDgyKgScNAaPE0lCkXV0TrL3ByDDOGo:1rcqUD:0rqryaNZfPAsAY0mDy7eKKd28oB19T01xXI8JcDI8ck", "expire_date": "2024-02-21T17:42:45.030Z"}}, {"model": "sessions.session", "pk": "qhlyedisnm6fnxgn14i5w85duahp48mu", "fields": {"session_data": ".eJxVjEsOAiEQBe_C2hCahgZcuvcMBGhGRg2TzGdlvLtOMgvdvqp6LxHTtra4LXWOI4uzAHH63XIqj9p3wPfUb5MsU1_nMctdkQdd5HXi-rwc7t9BS0v71s7bRKAtgbFswsCmVFTWZApAFcERAXEAj954YwHD4DWiQuTqQGnx_gCd9jWg:1qpMKH:aq6nbmNfSb8_G7JYzF-yZCJ5elp6XJ_v-Edw7g2HnOo", "expire_date": "2023-10-22T05:27:37.252Z"}}, {"model": "sessions.session", "pk": "qvptvt3irsnauu152hua9xxqjaqpor6q", "fields": {"session_data": ".eJxVjDsOwjAQBe_iGln-fyjpOYO1u3ZwANlSnFSIu0OkFNC-mXkvlmBba9pGWdKc2ZkFxU6_IwI9SttJvkO7dU69rcuMfFf4QQe_9lyel8P9O6gw6reOJpsickCDZCEgRo2WAFzx2ktB2kWryDgyKgScNAaPE0lCkXV0TrL3ByDDOGo:1rco9b:J-PfY0-L00WW3JgenMQJR2Ya9TFOcV7ar7j4i2jFIoU", "expire_date": "2024-02-21T15:13:19.505Z"}}, {"model": "sessions.session", "pk": "qwnq2ocv1hkipeozob8p0ade89z2v2b4", "fields": {"session_data": ".eJxVjDsOwjAQBe_iGln-fyjpOYO1u3ZwANlSnFSIu0OkFNC-mXkvlmBba9pGWdKc2ZkFxU6_IwI9SttJvkO7dU69rcuMfFf4QQe_9lyel8P9O6gw6reOJpsickCDZCEgRo2WAFzx2ktB2kWryDgyKgScNAaPE0lCkXV0TrL3ByDDOGo:1rWs4H:Y2wkTOxXDW71_AelRuYCD40q0_ahO-Zhbpvnlw07ML4", "expire_date": "2024-02-05T06:03:57.792Z"}}, {"model": "sessions.session", "pk": "r2h65g6qa2imjfwuq1bb0isx43c6uxyt", "fields": {"session_data": ".eJxVjDsOwjAQBe_iGln-fyjpOYO1u3ZwANlSnFSIu0OkFNC-mXkvlmBba9pGWdKc2ZkFxU6_IwI9SttJvkO7dU69rcuMfFf4QQe_9lyel8P9O6gw6reOJpsickCDZCEgRo2WAFzx2ktB2kWryDgyKgScNAaPE0lCkXV0TrL3ByDDOGo:1rYYgt:Rltqw-j6FwFWxFhajqhKvIpS7HWMhMkGdH4_koipsDk", "expire_date": "2024-02-09T21:54:07.846Z"}}, {"model": "sessions.session", "pk": "r4dbqmoskobx0p8elsbapptrbfzinz71", "fields": {"session_data": ".eJxVjDsOwjAQBe_iGln-fyjpOYO1u3ZwANlSnFSIu0OkFNC-mXkvlmBba9pGWdKc2ZkFxU6_IwI9SttJvkO7dU69rcuMfFf4QQe_9lyel8P9O6gw6reOJpsickCDZCEgRo2WAFzx2ktB2kWryDgyKgScNAaPE0lCkXV0TrL3ByDDOGo:1rb8KW:z3Xen440vvPwH1E8mS21zK3OkbEqOfzGzgK0o86lx18", "expire_date": "2024-02-17T00:21:40.284Z"}}, {"model": "sessions.session", "pk": "rbd0e8xtpmmgqmy5cgfjdlbkt6s53ew1", "fields": {"session_data": ".eJxVjDsOwjAQBe_iGln-fyjpOYO1u3ZwANlSnFSIu0OkFNC-mXkvlmBba9pGWdKc2ZkFxU6_IwI9SttJvkO7dU69rcuMfFf4QQe_9lyel8P9O6gw6reOJpsickCDZCEgRo2WAFzx2ktB2kWryDgyKgScNAaPE0lCkXV0TrL3ByDDOGo:1rWIt8:k6RlHSW4nCWEVL8PU1MEfXNuvDWi68ODq9-kohQvyT8", "expire_date": "2024-02-03T16:30:06.959Z"}}, {"model": "sessions.session", "pk": "re4pt80zpfz9tr2czglbysy4kl5nqdpo", "fields": {"session_data": ".eJxVjDsOwjAQBe_iGln-fyjpOYO1u3ZwANlSnFSIu0OkFNC-mXkvlmBba9pGWdKc2ZkFxU6_IwI9SttJvkO7dU69rcuMfFf4QQe_9lyel8P9O6gw6reOJpsickCDZCEgRo2WAFzx2ktB2kWryDgyKgScNAaPE0lCkXV0TrL3ByDDOGo:1ranEi:vjioWZFynrqKjEXxYGKHH2ZMfiD_ztG0MBhxdJ57LyY", "expire_date": "2024-02-16T01:50:16.514Z"}}, {"model": "sessions.session", "pk": "rgnav14soroz5ntzqb7gkccf02543ofb", "fields": {"session_data": ".eJxVjDsOwjAQBe_iGln-fyjpOYO1u3ZwANlSnFSIu0OkFNC-mXkvlmBba9pGWdKc2ZkFxU6_IwI9SttJvkO7dU69rcuMfFf4QQe_9lyel8P9O6gw6reOJpsickCDZCEgRo2WAFzx2ktB2kWryDgyKgScNAaPE0lCkXV0TrL3ByDDOGo:1rYco7:RmHRpWqkUkyU7AuIw82-DECqmWCPC4k09gnI3bsKw0Q", "expire_date": "2024-02-10T02:17:51.769Z"}}, {"model": "sessions.session", "pk": "rru5dlasczjkfx6atf4yusk2d7ig8mxa", "fields": {"session_data": "eyJ1aWQiOiI4MiJ9:1quE2T:WaYvgeBFUH3_fE3u98O_X8MyvJ7Ac3cNmpGk9yBCaZw", "expire_date": "2023-11-04T15:37:21.541Z"}}, {"model": "sessions.session", "pk": "rshmeelygrmafq16m0qsznwc7mhcm7g1", "fields": {"session_data": ".eJxVjDsOwjAQBe_iGln-fyjpOYO1u3ZwANlSnFSIu0OkFNC-mXkvlmBba9pGWdKc2ZkFxU6_IwI9SttJvkO7dU69rcuMfFf4QQe_9lyel8P9O6gw6reOJpsickCDZCEgRo2WAFzx2ktB2kWryDgyKgScNAaPE0lCkXV0TrL3ByDDOGo:1rX3tk:hQlAkVR5jYcDy-NsD_GM3F_M9w54ec2WNFZUR3gN9fg", "expire_date": "2024-02-05T18:49:12.858Z"}}, {"model": "sessions.session", "pk": "rx0vzjx95lsk7qyuvp3w6517o2mhh1lt", "fields": {"session_data": ".eJxVjDsOwjAQBe_iGln-ZP2hpOcMlte74ABypDipEHcnkVJA-2bmvUXK61LT2nlOI4mzCFqcfkfM5cltJ_TI7T7JMrVlHlHuijxol9eJ-HU53L-Dmnvdau1LVjYM9gbeeELwUACIIzOaaGAjDhUNYHOMjm0A9toGdLqgVy6IzxfxPDcy:1rYCmN:L9TbXfNRAJFc5gboSC_Y0qZTzA3sJ0Snn-iCKf6EkeQ", "expire_date": "2024-02-08T22:30:19.443Z"}}, {"model": "sessions.session", "pk": "rx5gir4lz8373q0fzgqgh52x450tbo61", "fields": {"session_data": ".eJxVjDsOwjAQBe_iGln-fyjpOYO1u3ZwANlSnFSIu0OkFNC-mXkvlmBba9pGWdKc2ZkFxU6_IwI9SttJvkO7dU69rcuMfFf4QQe_9lyel8P9O6gw6reOJpsickCDZCEgRo2WAFzx2ktB2kWryDgyKgScNAaPE0lCkXV0TrL3ByDDOGo:1rWS7f:3Z5_Nsm4IFdaetogvjojvTo3FHkaLSS7fYF6n1X6QZQ", "expire_date": "2024-02-04T02:21:43.656Z"}}, {"model": "sessions.session", "pk": "s3em0qfzx9o6t4wqzwf8duz8yu5q86yc", "fields": {"session_data": ".eJxVjDsOwjAQBe_iGln-fyjpOYO1u3ZwANlSnFSIu0OkFNC-mXkvlmBba9pGWdKc2ZkFxU6_IwI9SttJvkO7dU69rcuMfFf4QQe_9lyel8P9O6gw6reOJpsickCDZCEgRo2WAFzx2ktB2kWryDgyKgScNAaPE0lCkXV0TrL3ByDDOGo:1rWRaX:cF0PbejR_V4DF4ZPllm8BKtEZ3pnS-6MeD7ny4lmF0g", "expire_date": "2024-02-04T01:47:29.962Z"}}, {"model": "sessions.session", "pk": "s4a9tbwtk9i0qfu4ywsv5iiuaqmoz9ij", "fields": {"session_data": ".eJxVjDsOwjAQBe_iGln-fyjpOYO1u3ZwANlSnFSIu0OkFNC-mXkvlmBba9pGWdKc2ZkFxU6_IwI9SttJvkO7dU69rcuMfFf4QQe_9lyel8P9O6gw6reOJpsickCDZCEgRo2WAFzx2ktB2kWryDgyKgScNAaPE0lCkXV0TrL3ByDDOGo:1raIbI:z6NHpqw1lz7agcJHgjJjyQQ3xRPcuHuW2aw9jekXbwI", "expire_date": "2024-02-14T17:07:32.493Z"}}, {"model": "sessions.session", "pk": "sktdhyedwwysn88jptnnkrn1tq544ufi", "fields": {"session_data": ".eJxVjDsOwjAQBe_iGln-fyjpOYO1u3ZwANlSnFSIu0OkFNC-mXkvlmBba9pGWdKc2ZkFxU6_IwI9SttJvkO7dU69rcuMfFf4QQe_9lyel8P9O6gw6reOJpsickCDZCEgRo2WAFzx2ktB2kWryDgyKgScNAaPE0lCkXV0TrL3ByDDOGo:1rWpTB:8cv6gkFPnShTjsZ8jgzuvB_OtLz5UfE4O5-_kB8sG-g", "expire_date": "2024-02-05T03:17:29.089Z"}}, {"model": "sessions.session", "pk": "sqxofk4gmcvdmhd4k9ow4qcbj3c5e04w", "fields": {"session_data": ".eJxVjDsOwjAQBe_iGln-fyjpOYO1u3ZwANlSnFSIu0OkFNC-mXkvlmBba9pGWdKc2ZkFxU6_IwI9SttJvkO7dU69rcuMfFf4QQe_9lyel8P9O6gw6reOJpsickCDZCEgRo2WAFzx2ktB2kWryDgyKgScNAaPE0lCkXV0TrL3ByDDOGo:1rWpR1:dG1NqfWrurTTs1zTSYg9XkzbqXwpuBL_DBF30-gl7LU", "expire_date": "2024-02-05T03:15:15.456Z"}}, {"model": "sessions.session", "pk": "tmir56z6z2ty3l7u00f6jz20r4nu3jbr", "fields": {"session_data": ".eJxVjDsOwjAQBe_iGln-fyjpOYO1u3ZwANlSnFSIu0OkFNC-mXkvlmBba9pGWdKc2ZkFxU6_IwI9SttJvkO7dU69rcuMfFf4QQe_9lyel8P9O6gw6reOJpsickCDZCEgRo2WAFzx2ktB2kWryDgyKgScNAaPE0lCkXV0TrL3ByDDOGo:1rWp5N:3QG510MUc8mqygtxBMashG9vkauwOG74dT2AhofaGHg", "expire_date": "2024-02-05T02:52:53.542Z"}}, {"model": "sessions.session", "pk": "tms0q66h2m3l382y1d72q92a20aljyfr", "fields": {"session_data": ".eJxVjDsOwjAQBe_iGln-fyjpOYO1u3ZwANlSnFSIu0OkFNC-mXkvlmBba9pGWdKc2ZkFxU6_IwI9SttJvkO7dU69rcuMfFf4QQe_9lyel8P9O6gw6reOJpsickCDZCEgRo2WAFzx2ktB2kWryDgyKgScNAaPE0lCkXV0TrL3ByDDOGo:1rWRrA:rQtDCy1dSvPDL2boptHW79_ED7bJ5Xap_1XYAorsnCQ", "expire_date": "2024-02-04T02:04:40.441Z"}}, {"model": "sessions.session", "pk": "to9ottq2njbnwu9nlmqh02f4m5mugchs", "fields": {"session_data": ".eJxVjDsOwjAQBe_iGln-fyjpOYO1u3ZwANlSnFSIu0OkFNC-mXkvlmBba9pGWdKc2ZkFxU6_IwI9SttJvkO7dU69rcuMfFf4QQe_9lyel8P9O6gw6reOJpsickCDZCEgRo2WAFzx2ktB2kWryDgyKgScNAaPE0lCkXV0TrL3ByDDOGo:1rZffK:Y2_fTxqmyEmbBwKxfYATtCr1sK-_amOMtkibeNHZl7o", "expire_date": "2024-02-12T23:33:06.037Z"}}, {"model": "sessions.session", "pk": "ttmampfwoupmmgngk721d2yr1cjxiiqh", "fields": {"session_data": ".eJxVjDsOwjAQBe_iGln-fyjpOYO1u3ZwANlSnFSIu0OkFNC-mXkvlmBba9pGWdKc2ZkFxU6_IwI9SttJvkO7dU69rcuMfFf4QQe_9lyel8P9O6gw6reOJpsickCDZCEgRo2WAFzx2ktB2kWryDgyKgScNAaPE0lCkXV0TrL3ByDDOGo:1rXT0l:pEcQDq73bsUly7IMnxP2pniNtMvzO7sSdTA9ADDlh0E", "expire_date": "2024-02-06T21:38:07.963Z"}}, {"model": "sessions.session", "pk": "txyuq8k4d91c3wc1egxpatl7x7dqe8vf", "fields": {"session_data": ".eJxVjDsOwjAQBe_iGln-fyjpOYO1u3ZwANlSnFSIu0OkFNC-mXkvlmBba9pGWdKc2ZkFxU6_IwI9SttJvkO7dU69rcuMfFf4QQe_9lyel8P9O6gw6reOJpsickCDZCEgRo2WAFzx2ktB2kWryDgyKgScNAaPE0lCkXV0TrL3ByDDOGo:1rWrvT:pCVAPC2Ujy9hoXidPmhbASFXBvVIl7fFE8ldibXDcMY", "expire_date": "2024-02-05T05:54:51.691Z"}}, {"model": "sessions.session", "pk": "uarat0pq3zvup3q6eva2msa0q5qlvrnh", "fields": {"session_data": ".eJxVjDsOwjAQBe_iGln-ZP2hpOcMlte74ABypDipEHcnkVJA-2bmvUXK61LT2nlOI4mzCFqcfkfM5cltJ_TI7T7JMrVlHlHuijxol9eJ-HU53L-Dmnvdau1LVjYM9gbeeELwUACIIzOaaGAjDhUNYHOMjm0A9toGdLqgVy6IzxfxPDcy:1rYDCU:3Mg_8FmMhNbo69Lo6dJmLDg_JwPFUCB5QNQU82ure0E", "expire_date": "2024-02-08T22:57:18.714Z"}}, {"model": "sessions.session", "pk": "uh7twypnwmfo7l9kbeouemsmwzyai7nn", "fields": {"session_data": ".eJxVjDsOwjAQBe_iGln-fyjpOYO1u3ZwANlSnFSIu0OkFNC-mXkvlmBba9pGWdKc2ZkFxU6_IwI9SttJvkO7dU69rcuMfFf4QQe_9lyel8P9O6gw6reOJpsickCDZCEgRo2WAFzx2ktB2kWryDgyKgScNAaPE0lCkXV0TrL3ByDDOGo:1rctp8:6s1GKaXx3EmQ0nt-5whlV3tNUPZxrgiQpHuw790pkX4", "expire_date": "2024-02-21T21:16:34.352Z"}}, {"model": "sessions.session", "pk": "uqhold69saq185sd8qymzpadiuflejgw", "fields": {"session_data": ".eJxVjDsOwjAQBe_iGln-ZP2hpOcMlte74ABypDipEHcnkVJA-2bmvUXK61LT2nlOI4mzCFqcfkfM5cltJ_TI7T7JMrVlHlHuijxol9eJ-HU53L-Dmnvdau1LVjYM9gbeeELwUACIIzOaaGAjDhUNYHOMjm0A9toGdLqgVy6IzxfxPDcy:1rXX4X:ENAdaJebQMyF8RW96B_H2nnJ5CHB22w1pKCDM9jSnIo", "expire_date": "2024-02-07T01:58:17.259Z"}}, {"model": "sessions.session", "pk": "urfd269qom6mc6mxx3597ykfr8okjjyp", "fields": {"session_data": ".eJxVjDsOwjAQBe_iGln-fyjpOYO1u3ZwANlSnFSIu0OkFNC-mXkvlmBba9pGWdKc2ZkFxU6_IwI9SttJvkO7dU69rcuMfFf4QQe_9lyel8P9O6gw6reOJpsickCDZCEgRo2WAFzx2ktB2kWryDgyKgScNAaPE0lCkXV0TrL3ByDDOGo:1rWRGj:8MOoA0erRf3loPH_ptLjUZmUoR1abhoS8uvX1lX_M6A", "expire_date": "2024-02-04T01:27:01.977Z"}}, {"model": "sessions.session", "pk": "uwfy5xgb6x0l9lra9mnrlv4j2ylnw7vi", "fields": {"session_data": ".eJxVjDsOwjAQBe_iGln-fyjpOYO1u3ZwANlSnFSIu0OkFNC-mXkvlmBba9pGWdKc2ZkFxU6_IwI9SttJvkO7dU69rcuMfFf4QQe_9lyel8P9O6gw6reOJpsickCDZCEgRo2WAFzx2ktB2kWryDgyKgScNAaPE0lCkXV0TrL3ByDDOGo:1rZblR:s35VAGnydB85Bpq8eqJuzWOlSgddgN6NqqjxgA7R-ns", "expire_date": "2024-02-12T19:23:09.509Z"}}, {"model": "sessions.session", "pk": "uyrkd1cv1v6hx3iy7s32prkl20437tkk", "fields": {"session_data": ".eJxVjDsOwjAQBe_iGln-ZP2hpOcMlte74ABypDipEHcnkVJA-2bmvUXK61LT2nlOI4mzCFqcfkfM5cltJ_TI7T7JMrVlHlHuijxol9eJ-HU53L-Dmnvdau1LVjYM9gbeeELwUACIIzOaaGAjDhUNYHOMjm0A9toGdLqgVy6IzxfxPDcy:1rb9L0:JKr8Ng1pEkGtRlzupexcN4HVa_DFaVrD7bm6lpULPIA", "expire_date": "2024-02-17T01:26:14.415Z"}}, {"model": "sessions.session", "pk": "v7r7rnt64085oy07totp46kcqceimwzp", "fields": {"session_data": ".eJxVjDsOwjAQBe_iGln-fyjpOYO1u3ZwANlSnFSIu0OkFNC-mXkvlmBba9pGWdKc2ZkFxU6_IwI9SttJvkO7dU69rcuMfFf4QQe_9lyel8P9O6gw6reOJpsickCDZCEgRo2WAFzx2ktB2kWryDgyKgScNAaPE0lCkXV0TrL3ByDDOGo:1rWM5j:DP5SHLe-_-HxtyJ5Kuk2wFUL6XlHy-wHFytCW1m7juc", "expire_date": "2024-02-03T19:55:19.503Z"}}, {"model": "sessions.session", "pk": "vyacom9ltoz8g9w5uv40b77rl4ellmsy", "fields": {"session_data": ".eJxVjDsOwjAQBe_iGln-fyjpOYO1u3ZwANlSnFSIu0OkFNC-mXkvlmBba9pGWdKc2ZkFxU6_IwI9SttJvkO7dU69rcuMfFf4QQe_9lyel8P9O6gw6reOJpsickCDZCEgRo2WAFzx2ktB2kWryDgyKgScNAaPE0lCkXV0TrL3ByDDOGo:1rWRmm:sVHyrzxXhz0RMTo8e4aZAj8W70sBnOyT3DotollGc_c", "expire_date": "2024-02-04T02:00:08.336Z"}}, {"model": "sessions.session", "pk": "wgk34cxgp1jx6sprx3rk99bsmy15j4qt", "fields": {"session_data": ".eJxVjDsOwjAQBe_iGln-ZP2hpOcMlte74ABypDipEHcnkVJA-2bmvUXK61LT2nlOI4mzCFqcfkfM5cltJ_TI7T7JMrVlHlHuijxol9eJ-HU53L-Dmnvdau1LVjYM9gbeeELwUACIIzOaaGAjDhUNYHOMjm0A9toGdLqgVy6IzxfxPDcy:1rXUz4:GA8p5ZmSsmBelJ2PQMXeix4v79XroVnhnA7ZdnHlLNs", "expire_date": "2024-02-06T23:44:30.718Z"}}, {"model": "sessions.session", "pk": "wwvy6xst6at2bvpu3s79wswmaoqev2im", "fields": {"session_data": ".eJxVjDsOwjAQBe_iGln-ZP2hpOcMlte74ABypDipEHcnkVJA-2bmvUXK61LT2nlOI4mzCFqcfkfM5cltJ_TI7T7JMrVlHlHuijxol9eJ-HU53L-Dmnvdau1LVjYM9gbeeELwUACIIzOaaGAjDhUNYHOMjm0A9toGdLqgVy6IzxfxPDcy:1rYDzP:my7JOTFDHjzjRt_AbE49nli3J-9s8SPqOg_oYZT0aDw", "expire_date": "2024-02-08T23:47:51.536Z"}}, {"model": "sessions.session", "pk": "wyv12ba7q743n3bpqtzqx4d289re9jiv", "fields": {"session_data": ".eJxVjDsOwjAQBe_iGln-fyjpOYO1u3ZwANlSnFSIu0OkFNC-mXkvlmBba9pGWdKc2ZkFxU6_IwI9SttJvkO7dU69rcuMfFf4QQe_9lyel8P9O6gw6reOJpsickCDZCEgRo2WAFzx2ktB2kWryDgyKgScNAaPE0lCkXV0TrL3ByDDOGo:1rYcyu:JDNuN0ZdZ1syEmvbLacnV1j13YlhkCFXv72-vzy_L6Y", "expire_date": "2024-02-10T02:29:00.897Z"}}, {"model": "sessions.session", "pk": "wzxqjc122i7odkw6v04itekvkqwnp0wj", "fields": {"session_data": ".eJxVjDsOwjAQBe_iGln-ZP2hpOcMlte74ABypDipEHcnkVJA-2bmvUXK61LT2nlOI4mzCFqcfkfM5cltJ_TI7T7JMrVlHlHuijxol9eJ-HU53L-Dmnvdau1LVjYM9gbeeELwUACIIzOaaGAjDhUNYHOMjm0A9toGdLqgVy6IzxfxPDcy:1rXVap:Q6VsNT33V1pDB_o9WM4_0GKro02As64QytD-k5KgJTY", "expire_date": "2024-02-07T00:23:31.557Z"}}, {"model": "sessions.session", "pk": "x08zg1pzxn8gd5f0sast1jgfckt24c0w", "fields": {"session_data": ".eJxVjDsOwjAQBe_iGln-fyjpOYO1u3ZwANlSnFSIu0OkFNC-mXkvlmBba9pGWdKc2ZkFxU6_IwI9SttJvkO7dU69rcuMfFf4QQe_9lyel8P9O6gw6reOJpsickCDZCEgRo2WAFzx2ktB2kWryDgyKgScNAaPE0lCkXV0TrL3ByDDOGo:1rWRzs:26-1eLRIQquGRBti0MZViM2JgCoa2U53rjVNiRCIbyI", "expire_date": "2024-02-04T02:13:40.737Z"}}, {"model": "sessions.session", "pk": "x4keyxcqv4ykw5r3iggeajshczck02wm", "fields": {"session_data": ".eJxVjDsOwjAQBe_iGln-ZP2hpOcMlte74ABypDipEHcnkVJA-2bmvUXK61LT2nlOI4mzCFqcfkfM5cltJ_TI7T7JMrVlHlHuijxol9eJ-HU53L-Dmnvdau1LVjYM9gbeeELwUACIIzOaaGAjDhUNYHOMjm0A9toGdLqgVy6IzxfxPDcy:1rXWIe:V8rD2HaZUDbSIcPTNTJ6UPbIRNALNjyNHMWzhniapSw", "expire_date": "2024-02-07T01:08:48.915Z"}}, {"model": "sessions.session", "pk": "x8xxo37v60xbktomxphawaq3b3brb4h1", "fields": {"session_data": ".eJxVjDsOwjAQBe_iGln-fyjpOYO1u3ZwANlSnFSIu0OkFNC-mXkvlmBba9pGWdKc2ZkFxU6_IwI9SttJvkO7dU69rcuMfFf4QQe_9lyel8P9O6gw6reOJpsickCDZCEgRo2WAFzx2ktB2kWryDgyKgScNAaPE0lCkXV0TrL3ByDDOGo:1razRh:cTWdfUZZxpU2pBUdE1iFgr832e8xZSyqtdecsS95-Gw", "expire_date": "2024-02-16T14:52:29.632Z"}}, {"model": "sessions.session", "pk": "xagslb567yo55xno1pvnabjy0w4zuxr4", "fields": {"session_data": ".eJxVjDsOwjAQBe_iGln-fyjpOYO1u3ZwANlSnFSIu0OkFNC-mXkvlmBba9pGWdKc2ZkFxU6_IwI9SttJvkO7dU69rcuMfFf4QQe_9lyel8P9O6gw6reOJpsickCDZCEgRo2WAFzx2ktB2kWryDgyKgScNAaPE0lCkXV0TrL3ByDDOGo:1rcuBk:3Kolw_vbJgwYjXEuagig2tu-LPfyhOSAtXik6pottNA", "expire_date": "2024-02-21T21:39:56.592Z"}}, {"model": "sessions.session", "pk": "xh65e44ziq9qacksdoahccqdcqjo3jrb", "fields": {"session_data": ".eJxVjDsOwjAQBe_iGln-fyjpOYO1u3ZwANlSnFSIu0OkFNC-mXkvlmBba9pGWdKc2ZkFxU6_IwI9SttJvkO7dU69rcuMfFf4QQe_9lyel8P9O6gw6reOJpsickCDZCEgRo2WAFzx2ktB2kWryDgyKgScNAaPE0lCkXV0TrL3ByDDOGo:1rZYtM:L9PSziLbW95BK0rx-RBvf-zDDsVQP-aXDarTBFur7lw", "expire_date": "2024-02-12T16:19:08.241Z"}}, {"model": "sessions.session", "pk": "xsnt73azkt8psuwspq0xeixeksbv3k5o", "fields": {"session_data": ".eJxVjDsOwjAQBe_iGln-ZP2hpOcMlte74ABypDipEHcnkVJA-2bmvUXK61LT2nlOI4mzCFqcfkfM5cltJ_TI7T7JMrVlHlHuijxol9eJ-HU53L-Dmnvdau1LVjYM9gbeeELwUACIIzOaaGAjDhUNYHOMjm0A9toGdLqgVy6IzxfxPDcy:1rXVjG:kZfpJClxp9vv_5AOAenttLZECn_hRtnl_InTYHXbTWI", "expire_date": "2024-02-07T00:32:14.404Z"}}, {"model": "sessions.session", "pk": "y4pcen0wj8sc8wmep5zp1q5u6764gxqe", "fields": {"session_data": ".eJxVjDsOwjAQBe_iGln-ZP2hpOcMlte74ABypDipEHcnkVJA-2bmvUXK61LT2nlOI4mzCFqcfkfM5cltJ_TI7T7JMrVlHlHuijxol9eJ-HU53L-Dmnvdau1LVjYM9gbeeELwUACIIzOaaGAjDhUNYHOMjm0A9toGdLqgVy6IzxfxPDcy:1rYBpF:SZ4R_K6Mgin3jMZkksYFSVdFfnoc0bL9BdOEjJcWegg", "expire_date": "2024-02-08T21:29:13.546Z"}}, {"model": "sessions.session", "pk": "ybt243cam3sqljadryqrt0y7zsv5rkpt", "fields": {"session_data": ".eJxVjDsOwjAQBe_iGln-fyjpOYO1u3ZwANlSnFSIu0OkFNC-mXkvlmBba9pGWdKc2ZkFxU6_IwI9SttJvkO7dU69rcuMfFf4QQe_9lyel8P9O6gw6reOJpsickCDZCEgRo2WAFzx2ktB2kWryDgyKgScNAaPE0lCkXV0TrL3ByDDOGo:1rWJDl:mnAJ6UMDpR7ioYM7hkBrxZNCpV23fpFARkOP5tcDqRM", "expire_date": "2024-02-03T16:51:25.845Z"}}, {"model": "sessions.session", "pk": "yx25lcx99n97m7gkgj6d5pikmvcmqavz", "fields": {"session_data": ".eJxVjDsOwjAQBe_iGln-fyjpOYO1u3ZwANlSnFSIu0OkFNC-mXkvlmBba9pGWdKc2ZkFxU6_IwI9SttJvkO7dU69rcuMfFf4QQe_9lyel8P9O6gw6reOJpsickCDZCEgRo2WAFzx2ktB2kWryDgyKgScNAaPE0lCkXV0TrL3ByDDOGo:1rWJZy:s_NcH1kfD7R0XcRvSn12f27vxb4yfyJ2WgngZbG6ceo", "expire_date": "2024-02-03T17:14:22.418Z"}}, {"model": "sessions.session", "pk": "yz0n66vt8y015sa2dfaf9d2y6p0hfq63", "fields": {"session_data": ".eJxVjDsOwjAQBe_iGln-fyjpOYO1u3ZwANlSnFSIu0OkFNC-mXkvlmBba9pGWdKc2ZkFxU6_IwI9SttJvkO7dU69rcuMfFf4QQe_9lyel8P9O6gw6reOJpsickCDZCEgRo2WAFzx2ktB2kWryDgyKgScNAaPE0lCkXV0TrL3ByDDOGo:1rWJGn:MC7ooIf_MGL1nFHQt5AZ-YM_tiBL1aHY1ZvjYyQeGlQ", "expire_date": "2024-02-03T16:54:33.078Z"}}, {"model": "sessions.session", "pk": "z170ztg4zl369dhku1h72vnr9uiy7n9y", "fields": {"session_data": ".eJxVjDsOwjAQBe_iGln-fyjpOYO1u3ZwANlSnFSIu0OkFNC-mXkvlmBba9pGWdKc2ZkFxU6_IwI9SttJvkO7dU69rcuMfFf4QQe_9lyel8P9O6gw6reOJpsickCDZCEgRo2WAFzx2ktB2kWryDgyKgScNAaPE0lCkXV0TrL3ByDDOGo:1rWJL9:FW1990kirpZf6MwFTYMlNvCpfWfg1ErjflETI9pKUj0", "expire_date": "2024-02-03T16:59:03.240Z"}}, {"model": "sessions.session", "pk": "zhjgkwfw7wrs1f1zetpzgil1etmmtnm6", "fields": {"session_data": ".eJxVjDsOwjAQBe_iGln-fyjpOYO1u3ZwANlSnFSIu0OkFNC-mXkvlmBba9pGWdKc2ZkFxU6_IwI9SttJvkO7dU69rcuMfFf4QQe_9lyel8P9O6gw6reOJpsickCDZCEgRo2WAFzx2ktB2kWryDgyKgScNAaPE0lCkXV0TrL3ByDDOGo:1rX7lQ:-TWMxRNWZ0s1xrv9-_MrkJ1jSGc-qg8sjGRawDKQTos", "expire_date": "2024-02-05T22:56:52.128Z"}}, {"model": "sessions.session", "pk": "zkhhbb573xtzn0wap9if6ikbsx6817gy", "fields": {"session_data": ".eJxVjDsOwjAQBe_iGln-fyjpOYO1u3ZwANlSnFSIu0OkFNC-mXkvlmBba9pGWdKc2ZkFxU6_IwI9SttJvkO7dU69rcuMfFf4QQe_9lyel8P9O6gw6reOJpsickCDZCEgRo2WAFzx2ktB2kWryDgyKgScNAaPE0lCkXV0TrL3ByDDOGo:1rWRkk:MP5s0RAh3o3-AfHKSmUvJagoX3hk9qf4Ow2dPuD0U84", "expire_date": "2024-02-04T01:58:02.396Z"}}, {"model": "sessions.session", "pk": "zxceshwdhaf8466tw3bjog50zm8a1zdp", "fields": {"session_data": ".eJxVjDsOwjAQBe_iGln-fyjpOYO1u3ZwANlSnFSIu0OkFNC-mXkvlmBba9pGWdKc2ZkFxU6_IwI9SttJvkO7dU69rcuMfFf4QQe_9lyel8P9O6gw6reOJpsickCDZCEgRo2WAFzx2ktB2kWryDgyKgScNAaPE0lCkXV0TrL3ByDDOGo:1rWJoo:WsfCiJ6R2TfoxXFrhoFvNiy8XGCtGL0WwoqKv39z0pA", "expire_date": "2024-02-03T17:29:42.879Z"}}, {"model": "sessions.session", "pk": "zzc0l1jps199xjg5kywsr93uvdgta96a", "fields": {"session_data": ".eJxVjDsOwjAQBe_iGln-fyjpOYO1u3ZwANlSnFSIu0OkFNC-mXkvlmBba9pGWdKc2ZkFxU6_IwI9SttJvkO7dU69rcuMfFf4QQe_9lyel8P9O6gw6reOJpsickCDZCEgRo2WAFzx2ktB2kWryDgyKgScNAaPE0lCkXV0TrL3ByDDOGo:1rWJBn:yqn7z5ILyB1A_PATudgAD8OvG9V6kxmTdOdzRONgDhc", "expire_date": "2024-02-03T16:49:23.772Z"}}, {"model": "accounts.user", "pk": 1, "fields": {"password": "pbkdf2_sha256$720000$3h9xDUORHCvqOD2Za5MlL2$1/UQfxxfDOH3kB30lv1TGs1NNODpeaWQjaloDtmOHI0=", "first_name": "Evans", "last_name": "Taku", "username": "Eva", "email": "bome@gmail.com", "phone_number": "", "role": null, "date_joined": "2023-09-27T03:58:22.758Z", "last_login": "2024-02-21T21:25:09.222Z", "created_date": "2023-09-27T03:58:22.758Z", "modified_date": "2023-09-27T03:58:22.759Z", "is_admin": true, "is_staff": true, "is_active": true, "is_superadmin": true}}, {"model": "accounts.user", "pk": 55, "fields": {"password": "pbkdf2_sha256$600000$v2ZjyiarNbwzPghwV42pSA$Do2uJ8x+Wzf9n3a9vJdHgaWSKNbI8B+jh1oUyfzdGUI=", "first_name": "meie", "last_name": "yousd", "username": "sfsddcs", "email": "vfdg@gmail.com", "phone_number": "345", "role": 2, "date_joined": "2023-10-08T09:18:49.276Z", "last_login": "2023-10-08T09:18:49.276Z", "created_date": "2023-10-08T09:18:49.276Z", "modified_date": "2023-10-08T09:18:49.276Z", "is_admin": false, "is_staff": false, "is_active": false, "is_superadmin": false}}, {"model": "accounts.user", "pk": 65, "fields": {"password": "pbkdf2_sha256$600000$PpDvtihDefyOSdOWzYsRo5$mFi7DJIdNKn/KPIKQLfvq/rzxucvBWnuRahqpt5vxsI=", "first_name": "testme", "last_name": "nonow", "username": "testmeeva", "email": "testme@gmail.com", "phone_number": "098676", "role": 1, "date_joined": "2023-10-14T08:07:18.920Z", "last_login": "2023-10-14T08:07:18.920Z", "created_date": "2023-10-14T08:07:18.920Z", "modified_date": "2023-10-14T08:07:18.920Z", "is_admin": false, "is_staff": false, "is_active": true, "is_superadmin": false}}, {"model": "accounts.user", "pk": 76, "fields": {"password": "pbkdf2_sha256$600000$Wipo90uPYnTX1D2kFMEwyP$UKENTB2Q6PNvY7XZE5QhEMLbycdT8JmLib9EfoxjLEc=", "first_name": "Anthony", "last_name": "Oge", "username": "Anthonyoge", "email": "ogierumuaanthony@gmail.com", "phone_number": "09888", "role": 2, "date_joined": "2023-10-15T17:47:06.030Z", "last_login": "2023-10-15T17:47:06.030Z", "created_date": "2023-10-15T17:47:06.030Z", "modified_date": "2023-10-15T17:47:06.030Z", "is_admin": false, "is_staff": false, "is_active": false, "is_superadmin": false}}, {"model": "accounts.user", "pk": 81, "fields": {"password": "pbkdf2_sha256$720000$SvavflTwcMntn4204Q5gp7$e5WHz9LacJRSTs9hRBsSFgTAsxJ5aAeNuqHig09oFvQ=", "first_name": "Jay", "last_name": "James-Yo", "username": "jayjayu", "email": "evanstaku3@gmail.com", "phone_number": "0789867363", "role": 2, "date_joined": "2023-10-21T09:42:15.651Z", "last_login": "2024-02-17T01:17:54.388Z", "created_date": "2023-10-21T09:42:15.651Z", "modified_date": "2023-10-21T09:42:15.651Z", "is_admin": false, "is_staff": false, "is_active": true, "is_superadmin": false}}, {"model": "accounts.user", "pk": 82, "fields": {"password": "pbkdf2_sha256$720000$KiZ4Ko2FvHCL1d5wVhCiok$2Eg9X9SePJ7sCqks+CgTZTRB1FXMnc5LNrUck6tw7UI=", "first_name": "Homei", "last_name": "James", "username": "evafoodV", "email": "evansboma@gmail.com", "phone_number": "343", "role": 1, "date_joined": "2023-10-21T09:54:34.388Z", "last_login": "2024-02-21T21:31:36.575Z", "created_date": "2023-10-21T09:54:34.388Z", "modified_date": "2023-10-21T09:54:34.388Z", "is_admin": false, "is_staff": false, "is_active": true, "is_superadmin": false}}, {"model": "accounts.user", "pk": 83, "fields": {"password": "pbkdf2_sha256$720000$pTOS7sQIM8yB7wIMzKz4hu$GF+Uy/VAV3r6mBiwp3kiD7nrYGHuG+5oDeGKt1eDwU4=", "first_name": "Juliet", "last_name": "Evans", "username": "evansjuliet", "email": "evansjuliet@gmail.com", "phone_number": "090", "role": 1, "date_joined": "2023-11-05T21:10:10.489Z", "last_login": "2024-02-17T00:32:03.718Z", "created_date": "2023-11-05T21:10:10.489Z", "modified_date": "2023-11-05T21:10:10.489Z", "is_admin": false, "is_staff": false, "is_active": true, "is_superadmin": false}}, {"model": "accounts.user", "pk": 84, "fields": {"password": "pbkdf2_sha256$600000$dlKIIzz5b7ciOdUKnUVDPo$NMmm43eKm1NtiYvtsGCl23bMr0C4/PcuiVigwH8oKlM=", "first_name": "Meme", "last_name": "John", "username": "Meme", "email": "evans.taku@icloud.com", "phone_number": "0908877", "role": 1, "date_joined": "2023-11-22T04:03:34.204Z", "last_login": "2023-11-22T04:03:34.204Z", "created_date": "2023-11-22T04:03:34.204Z", "modified_date": "2023-11-22T04:03:34.204Z", "is_admin": false, "is_staff": false, "is_active": false, "is_superadmin": false}}, {"model": "accounts.user", "pk": 86, "fields": {"password": "pbkdf2_sha256$600000$4EpnunWbx8z9i3CSZFQjAU$R/r+6qzzDjx3mPYgACAWjN/MmiJ9cCOj4TKgeSKBbtk=", "first_name": "Jodan", "last_name": "Reeves", "username": "lenovo", "email": "jodanreeves@gmail.com", "phone_number": "5454", "role": 1, "date_joined": "2023-11-29T18:58:23.114Z", "last_login": "2023-11-29T18:58:23.114Z", "created_date": "2023-11-29T18:58:23.114Z", "modified_date": "2023-11-29T18:58:23.114Z", "is_admin": false, "is_staff": false, "is_active": false, "is_superadmin": false}}, {"model": "accounts.user", "pk": 87, "fields": {"password": "pbkdf2_sha256$600000$Z8JlHQfW7KjsECgega3BG0$9DSUqsgjp1G6Il1sh+ashfKsIXhZpFKQnD3M3hVolYA=", "first_name": "minnere", "last_name": "shdfjf", "username": "sfsfwsw", "email": "theReeves@gmail.com", "phone_number": "8878", "role": 1, "date_joined": "2023-11-29T19:05:25.349Z", "last_login": "2023-11-29T19:05:25.349Z", "created_date": "2023-11-29T19:05:25.349Z", "modified_date": "2023-11-29T19:05:25.349Z", "is_admin": false, "is_staff": false, "is_active": false, "is_superadmin": false}}, {"model": "accounts.user", "pk": 88, "fields": {"password": "pbkdf2_sha256$600000$quSGxDgvXk8Eor3Hmdq9MW$qedbfcjTF5VS8POXH1W1LhNs2G7lolDFY04JrxXeteE=", "first_name": "Peter", "last_name": "Jonna", "username": "Peterjohn", "email": "peterjohn@gmail.com", "phone_number": "0080887", "role": 1, "date_joined": "2023-12-31T04:14:04.475Z", "last_login": "2023-12-31T09:02:52.719Z", "created_date": "2023-12-31T04:14:04.475Z", "modified_date": "2023-12-31T04:14:04.475Z", "is_admin": false, "is_staff": false, "is_active": true, "is_superadmin": false}}, {"model": "accounts.user", "pk": 89, "fields": {"password": "pbkdf2_sha256$600000$wQHkeRP1LAq2eerMXF86GT$IA4uvfU777FHQIwiK1UMGZMMX7mC7w7ntiaRD/4WyZo=", "first_name": "Jaja", "last_name": "Jake", "username": "jajajake", "email": "jajajake@gmail.com", "phone_number": "998988", "role": 1, "date_joined": "2023-12-31T04:35:33.420Z", "last_login": "2023-12-31T05:12:45.814Z", "created_date": "2023-12-31T04:35:33.420Z", "modified_date": "2023-12-31T04:35:33.420Z", "is_admin": false, "is_staff": false, "is_active": true, "is_superadmin": false}}, {"model": "accounts.user", "pk": 90, "fields": {"password": "pbkdf2_sha256$600000$3FpwvYw3OF5NGv0v5xb3yh$FG2Ox1Kc50ncqC1QplEOYtNUScY8SozLWJ7s47RmQpQ=", "first_name": "Okon", "last_name": "Iwe", "username": "okoniwe", "email": "okoniwe@gmail.com", "phone_number": "757575657", "role": 1, "date_joined": "2023-12-31T04:50:23.090Z", "last_login": "2023-12-31T05:21:07.613Z", "created_date": "2023-12-31T04:50:23.090Z", "modified_date": "2023-12-31T04:50:23.090Z", "is_admin": false, "is_staff": false, "is_active": true, "is_superadmin": false}}, {"model": "accounts.user", "pk": 91, "fields": {"password": "pbkdf2_sha256$720000$ZeySwlY29ty1r2NKx5VJRM$L9G5ZR+NJ4bWsXd+4bSAFTO6/6oPj4ytHcZe46SShpQ=", "first_name": "uey", "last_name": "eiu", "username": "yyty", "email": "ii@gmail.com", "phone_number": "", "role": null, "date_joined": "2024-01-29T18:49:51.506Z", "last_login": "2024-01-29T18:49:51.506Z", "created_date": "2024-01-29T18:49:51.506Z", "modified_date": "2024-01-29T18:49:51.506Z", "is_admin": true, "is_staff": true, "is_active": true, "is_superadmin": true}}, {"model": "accounts.user", "pk": 92, "fields": {"password": "pbkdf2_sha256$720000$DKG8ZsLnShG0qD9bawo694$nLeChSsbbBROIfHoffgpAllt3AvDIDN4QBdrtGgkiuM=", "first_name": "wwew", "last_name": "ssdds", "username": "eree", "email": "rrtr@gmail.com", "phone_number": "", "role": null, "date_joined": "2024-01-29T18:58:35.062Z", "last_login": "2024-01-29T18:58:35.062Z", "created_date": "2024-01-29T18:58:35.062Z", "modified_date": "2024-01-29T18:58:35.062Z", "is_admin": true, "is_staff": true, "is_active": true, "is_superadmin": true}}, {"model": "accounts.user", "pk": 98, "fields": {"password": "pbkdf2_sha256$720000$njBugs1GwugkUvnrjbQgkS$MsjvrTHRgICC9eBMgG5ztgTLWxcKGYs1KDkRFDO97hA=", "first_name": "sdfdsawewqw", "last_name": "wer", "username": "wrertrcsx", "email": "julietnwaigweevans@gmail.com", "phone_number": "223231", "role": 2, "date_joined": "2024-02-18T02:42:09.564Z", "last_login": "2024-02-18T02:42:09.564Z", "created_date": "2024-02-18T02:42:09.564Z", "modified_date": "2024-02-18T02:42:09.565Z", "is_admin": false, "is_staff": false, "is_active": false, "is_superadmin": false}}, {"model": "accounts.userprofile", "pk": 1, "fields": {"user": 1, "profile_picture": "users/profile_pictures/WhatsApp_Image_2022-12-31_at_19.32.11.jpeg", "cover_photo": "users/cover_photo/Screenshot_20221220-183452_Chrome.jpg", "primaryAddress": null, "address_line_1": "10 Bushton Walk, Cheetham", "address_line_2": null, "country": "United Kingdom", "state": "Greater Manchester", "city": "Manchester", "pin_code": "M40 7S", "latitude": null, "longitude": null, "created_at": "2023-09-29T03:11:51.981Z", "modified_at": "2023-09-29T03:11:51.981Z"}}, {"model": "accounts.userprofile", "pk": 33, "fields": {"user": 55, "profile_picture": "", "cover_photo": "", "primaryAddress": null, "address_line_1": null, "address_line_2": null, "country": null, "state": null, "city": null, "pin_code": null, "latitude": null, "longitude": null, "created_at": "2023-10-08T09:18:49.280Z", "modified_at": "2023-10-08T09:18:49.280Z"}}, {"model": "accounts.userprofile", "pk": 43, "fields": {"user": 65, "profile_picture": "", "cover_photo": "", "primaryAddress": "18A Audenshaw Road", "address_line_1": "Audenshaw", "address_line_2": null, "country": "United Kingdom", "state": null, "city": "Manchester", "pin_code": "M34 5H", "latitude": null, "longitude": null, "created_at": "2023-10-14T08:07:19.293Z", "modified_at": "2023-10-14T08:07:19.293Z"}}, {"model": "accounts.userprofile", "pk": 54, "fields": {"user": 76, "profile_picture": "", "cover_photo": "", "primaryAddress": null, "address_line_1": null, "address_line_2": null, "country": null, "state": null, "city": null, "pin_code": null, "latitude": null, "longitude": null, "created_at": "2023-10-15T17:47:06.525Z", "modified_at": "2023-10-15T17:47:06.525Z"}}, {"model": "accounts.userprofile", "pk": 59, "fields": {"user": 81, "profile_picture": "users/profile_pictures/rice-bowl_h6HJd5E.jpg", "cover_photo": "users/cover_photo/cover-photo-4_CwThAwe.PNG", "primaryAddress": "10 Bushton Walk, Cheetham, Manchester", "address_line_1": "Your address", "address_line_2": "My address", "country": "United Kingdom", "state": "Greater Manchester", "city": "Manchester", "pin_code": "1232", "latitude": "88787", "longitude": "9889", "created_at": "2023-10-21T09:42:15.731Z", "modified_at": "2023-10-21T09:42:15.731Z"}}, {"model": "accounts.userprofile", "pk": 60, "fields": {"user": 82, "profile_picture": "users/profile_pictures/profile-picture-1.PNG", "cover_photo": "users/cover_photo/profile-picture-3.PNG", "primaryAddress": "60 Bushton walk", "address_line_1": "7234 olive street", "address_line_2": "23223 St Mathew Street", "country": "Italy", "state": "Manchester", "city": "Cheetam", "pin_code": "1221", "latitude": "39475883475", "longitude": "634346363", "created_at": "2023-10-21T09:54:34.392Z", "modified_at": "2023-10-21T09:54:34.392Z"}}, {"model": "accounts.userprofile", "pk": 61, "fields": {"user": 83, "profile_picture": "users/profile_pictures/rice-bowl_eMjj55M.jpg", "cover_photo": "users/cover_photo/cover-photo-2.PNG", "primaryAddress": "18A Audenshaw Road", "address_line_1": "Audenshaw", "address_line_2": null, "country": "United Kingdom", "state": null, "city": "Manchester", "pin_code": "M34 5H", "latitude": null, "longitude": null, "created_at": "2023-11-05T21:10:10.627Z", "modified_at": "2023-11-05T21:10:10.627Z"}}, {"model": "accounts.userprofile", "pk": 62, "fields": {"user": 84, "profile_picture": "", "cover_photo": "", "primaryAddress": "18A Audenshaw Road", "address_line_1": "Audenshaw", "address_line_2": null, "country": "United Kingdom", "state": null, "city": "Manchester", "pin_code": "M34 5H", "latitude": null, "longitude": null, "created_at": "2023-11-22T04:03:34.435Z", "modified_at": "2023-11-22T04:03:34.435Z"}}, {"model": "accounts.userprofile", "pk": 64, "fields": {"user": 86, "profile_picture": "", "cover_photo": "", "primaryAddress": null, "address_line_1": null, "address_line_2": null, "country": null, "state": null, "city": null, "pin_code": null, "latitude": null, "longitude": null, "created_at": "2023-11-29T18:58:23.199Z", "modified_at": "2023-11-29T18:58:23.199Z"}}, {"model": "accounts.userprofile", "pk": 65, "fields": {"user": 87, "profile_picture": "", "cover_photo": "", "primaryAddress": null, "address_line_1": null, "address_line_2": null, "country": null, "state": null, "city": null, "pin_code": null, "latitude": null, "longitude": null, "created_at": "2023-11-29T19:05:25.355Z", "modified_at": "2023-11-29T19:05:25.355Z"}}, {"model": "accounts.userprofile", "pk": 66, "fields": {"user": 88, "profile_picture": "users/profile_pictures/chicken-600x600_WjfrEZ7.jpg", "cover_photo": "users/cover_photo/profile-picture-2.PNG", "primaryAddress": "28 Bushton Walk, Cheetham", "address_line_1": "78 olive", "address_line_2": "90 john", "country": "England", "state": "Greater Manchester", "city": "Manchester", "pin_code": "M40 7S", "latitude": "39475883478", "longitude": "3444566", "created_at": "2023-12-31T04:14:05.186Z", "modified_at": "2023-12-31T04:14:05.186Z"}}, {"model": "accounts.userprofile", "pk": 67, "fields": {"user": 89, "profile_picture": "users/profile_pictures/chicken-barbeque.jpg", "cover_photo": "users/cover_photo/cover-photo-4_wlsq5YZ.PNG", "primaryAddress": "90B my street addresss", "address_line_1": "91B my street addresss", "address_line_2": "92B my street addresss", "country": "Manchester", "state": "Greater manchester", "city": "last man united street", "pin_code": "66454", "latitude": "776663535", "longitude": "646453636", "created_at": "2023-12-31T04:35:33.425Z", "modified_at": "2023-12-31T04:35:33.425Z"}}, {"model": "accounts.userprofile", "pk": 68, "fields": {"user": 90, "profile_picture": "users/profile_pictures/chicken-barbeque_BG8IAC6.jpg", "cover_photo": "users/cover_photo/cover-photo-3.PNG", "primaryAddress": "70 bushton walk", "address_line_1": null, "address_line_2": null, "country": "United Kingdom", "state": "Greater Manchester", "city": "Manchester", "pin_code": "M40 9d", "latitude": "39475883475", "longitude": "3444566", "created_at": "2023-12-31T04:50:23.096Z", "modified_at": "2023-12-31T04:50:23.096Z"}}, {"model": "accounts.userprofile", "pk": 69, "fields": {"user": 91, "profile_picture": "", "cover_photo": "", "primaryAddress": null, "address_line_1": null, "address_line_2": null, "country": null, "state": null, "city": null, "pin_code": null, "latitude": null, "longitude": null, "created_at": "2024-01-29T18:49:51.985Z", "modified_at": "2024-01-29T18:49:51.985Z"}}, {"model": "accounts.userprofile", "pk": 70, "fields": {"user": 92, "profile_picture": "", "cover_photo": "", "primaryAddress": null, "address_line_1": null, "address_line_2": null, "country": null, "state": null, "city": null, "pin_code": null, "latitude": null, "longitude": null, "created_at": "2024-01-29T18:58:35.127Z", "modified_at": "2024-01-29T18:58:35.127Z"}}, {"model": "accounts.userprofile", "pk": 76, "fields": {"user": 98, "profile_picture": "", "cover_photo": "", "primaryAddress": null, "address_line_1": null, "address_line_2": null, "country": null, "state": null, "city": null, "pin_code": null, "latitude": null, "longitude": null, "created_at": "2024-02-18T02:42:09.571Z", "modified_at": "2024-02-18T02:42:09.571Z"}}, {"model": "vendor.vendor", "pk": 2, "fields": {"user": 65, "user_profile": 43, "vendor_name": "testmenow", "vendor_slug": "testme-now", "vendor_license": "vendor/license/WhatsApp_Image_2022-12-20_at_17.18.04.jpeg", "is_approved": true, "created_at": "2023-10-14T08:07:19.600Z", "modified_at": "2023-10-14T08:07:19.600Z"}}, {"model": "vendor.vendor", "pk": 5, "fields": {"user": 82, "user_profile": 60, "vendor_name": "ThefoodVendor", "vendor_slug": "Thefood-Vendor", "vendor_license": "vendor/license/logo.jpg", "is_approved": true, "created_at": "2023-10-21T09:54:34.489Z", "modified_at": "2023-10-21T09:54:34.489Z"}}, {"model": "vendor.vendor", "pk": 7, "fields": {"user": 83, "user_profile": 61, "vendor_name": "Juliet Food", "vendor_slug": "Juliet-Food", "vendor_license": "vendor/license/pizza-600x600.jpg", "is_approved": true, "created_at": "2023-11-05T21:10:10.956Z", "modified_at": "2023-11-05T21:10:10.957Z"}}, {"model": "vendor.vendor", "pk": 8, "fields": {"user": 84, "user_profile": 62, "vendor_name": "Meme Vendor", "vendor_slug": "Meme-Vendor", "vendor_license": "vendor/license/pizza-600x600_7zVrkY1.jpg", "is_approved": true, "created_at": "2023-11-22T04:03:34.923Z", "modified_at": "2023-11-22T04:03:34.924Z"}}, {"model": "vendor.vendor", "pk": 10, "fields": {"user": 87, "user_profile": 65, "vendor_name": "hsdfsjdfds", "vendor_slug": "hsdfsjdfds-87", "vendor_license": "vendor/license/profile-picture-3.PNG", "is_approved": true, "created_at": "2023-11-29T19:05:25.413Z", "modified_at": "2023-11-29T19:05:25.413Z"}}, {"model": "vendor.vendor", "pk": 11, "fields": {"user": 88, "user_profile": 66, "vendor_name": "PeterJona", "vendor_slug": "peterjona-88", "vendor_license": "vendor/license/fb-restaurant-02.jpg", "is_approved": true, "created_at": "2023-12-31T04:14:05.576Z", "modified_at": "2023-12-31T04:14:05.576Z"}}, {"model": "vendor.vendor", "pk": 12, "fields": {"user": 89, "user_profile": 67, "vendor_name": "jajajake", "vendor_slug": "jajajake-89", "vendor_license": "vendor/license/veg-pizza-600x600_EieGBDq.jpg", "is_approved": true, "created_at": "2023-12-31T04:35:33.462Z", "modified_at": "2023-12-31T04:35:33.462Z"}}, {"model": "vendor.vendor", "pk": 13, "fields": {"user": 90, "user_profile": 68, "vendor_name": "Okoniwe", "vendor_slug": "okoniwe-90", "vendor_license": "vendor/license/profile-picture-2.PNG", "is_approved": true, "created_at": "2023-12-31T04:50:23.146Z", "modified_at": "2023-12-31T04:50:23.146Z"}}, {"model": "vendor.openinghour", "pk": 1, "fields": {"Vendor": 8, "day": 1, "from_hour": "06:00 AM", "to_hour": "04:00 PM", "is_closed": false}}, {"model": "vendor.openinghour", "pk": 139, "fields": {"Vendor": 5, "day": 2, "from_hour": "12:00 AM", "to_hour": "06:00 AM", "is_closed": false}}, {"model": "vendor.openinghour", "pk": 140, "fields": {"Vendor": 5, "day": 3, "from_hour": "04:00 AM", "to_hour": "07:30 AM", "is_closed": false}}, {"model": "vendor.openinghour", "pk": 141, "fields": {"Vendor": 5, "day": 2, "from_hour": "01:30 AM", "to_hour": "04:30 AM", "is_closed": false}}, {"model": "vendor.openinghour", "pk": 142, "fields": {"Vendor": 5, "day": 3, "from_hour": "01:00 AM", "to_hour": "04:00 AM", "is_closed": false}}, {"model": "vendor.openinghour", "pk": 143, "fields": {"Vendor": 5, "day": 4, "from_hour": "01:30 AM", "to_hour": "", "is_closed": true}}, {"model": "vendor.openinghour", "pk": 144, "fields": {"Vendor": 7, "day": 2, "from_hour": "03:30 AM", "to_hour": "09:00 AM", "is_closed": false}}, {"model": "vendor.openinghour", "pk": 165, "fields": {"Vendor": 5, "day": 5, "from_hour": "06:00 AM", "to_hour": "11:30 PM", "is_closed": false}}, {"model": "vendor.openinghour", "pk": 168, "fields": {"Vendor": 5, "day": 6, "from_hour": "12:00 AM", "to_hour": "09:00 PM", "is_closed": false}}, {"model": "vendor.openinghour", "pk": 169, "fields": {"Vendor": 7, "day": 6, "from_hour": "12:00 AM", "to_hour": "05:00 PM", "is_closed": false}}, {"model": "vendor.openinghour", "pk": 170, "fields": {"Vendor": 5, "day": 1, "from_hour": "06:00 AM", "to_hour": "11:30 PM", "is_closed": false}}, {"model": "Menu.category", "pk": 1, "fields": {"Vendor": 5, "category_name": "Burger king", "slug": "burger-king", "description": "The food burger King", "created_at": "2023-11-16T00:00:00Z", "updated_at": "2023-11-19T00:00:00Z"}}, {"model": "Menu.category", "pk": 2, "fields": {"Vendor": 5, "category_name": "Chicken two", "slug": "chicken-two", "description": "Broiler, oldlayers, cockreals", "created_at": "2023-11-16T00:00:00Z", "updated_at": "2023-11-19T00:00:00Z"}}, {"model": "Menu.category", "pk": 3, "fields": {"Vendor": 5, "category_name": "Sea food one", "slug": "sea-food-one", "description": "Fish, shrimps, sharks", "created_at": "2023-11-16T00:00:00Z", "updated_at": "2023-11-19T00:00:00Z"}}, {"model": "Menu.category", "pk": 9, "fields": {"Vendor": 7, "category_name": "Juliet cat", "slug": "juliet-cat", "description": "brown rice", "created_at": "2023-11-22T16:40:41.293Z", "updated_at": "2023-11-22T16:40:41.293Z"}}, {"model": "Menu.category", "pk": 10, "fields": {"Vendor": 7, "category_name": "Jojo's food", "slug": "jojos-food", "description": "Food item", "created_at": "2023-11-22T17:29:08.601Z", "updated_at": "2023-11-22T17:29:08.601Z"}}, {"model": "Menu.category", "pk": 11, "fields": {"Vendor": 2, "category_name": "Ice cream", "slug": "ice-cream", "description": "flavooured Ice cream", "created_at": "2023-12-02T14:35:55.782Z", "updated_at": "2023-12-02T14:35:55.782Z"}}, {"model": "Menu.category", "pk": 12, "fields": {"Vendor": 7, "category_name": "Pets rice", "slug": "pets-rice", "description": "this is for dogs", "created_at": "2023-12-30T09:30:00.114Z", "updated_at": "2023-12-30T09:30:00.114Z"}}, {"model": "Menu.category", "pk": 13, "fields": {"Vendor": 12, "category_name": "Chicken", "slug": "", "description": "Chicken wings", "created_at": "2023-12-31T05:02:48.054Z", "updated_at": "2023-12-31T05:02:48.054Z"}}, {"model": "Menu.category", "pk": 20, "fields": {"Vendor": 12, "category_name": "Goat legs", "slug": "goat-legs", "description": "The goat legs", "created_at": "2023-12-31T05:17:13.985Z", "updated_at": "2023-12-31T05:17:13.985Z"}}, {"model": "Menu.category", "pk": 21, "fields": {"Vendor": 11, "category_name": "Chicken", "slug": "chicken", "description": "the chicken 1", "created_at": "2023-12-31T05:18:19.352Z", "updated_at": "2023-12-31T05:18:19.352Z"}}, {"model": "Menu.category", "pk": 22, "fields": {"Vendor": 13, "category_name": "Burgers", "slug": "burgers", "description": "the burger", "created_at": "2023-12-31T05:21:23.750Z", "updated_at": "2023-12-31T05:21:23.750Z"}}, {"model": "Menu.category", "pk": 23, "fields": {"Vendor": 5, "category_name": "Rabbit", "slug": "rabbit", "description": "", "created_at": "2023-12-31T08:30:52.506Z", "updated_at": "2023-12-31T08:30:52.506Z"}}, {"model": "Menu.category", "pk": 24, "fields": {"Vendor": 5, "category_name": "Zebra", "slug": "zebra", "description": "", "created_at": "2023-12-31T12:02:48.505Z", "updated_at": "2023-12-31T12:02:48.505Z"}}, {"model": "Menu.fooditem", "pk": 2, "fields": {"vendor": 5, "category": 2, "food_title": "Chicken Wingds", "slug": "chicken-wingds", "description": "", "price": "20.00", "image": "foodimages/seafood-600x600.jpg", "is_available": true, "created_at": "2023-11-16", "updated_at": "2023-12-31"}}, {"model": "Menu.fooditem", "pk": 3, "fields": {"vendor": 5, "category": 3, "food_title": "Tilapia Fish", "slug": "tilapia-fish", "description": "", "price": "30.00", "image": "foodimages/profile-picture-1.PNG", "is_available": true, "created_at": "2023-11-16", "updated_at": "2023-12-31"}}, {"model": "Menu.fooditem", "pk": 5, "fields": {"vendor": 5, "category": 3, "food_title": "Turtle neck", "slug": "turtle-neck", "description": "", "price": "30.00", "image": "foodimages/chicken-600x600.jpg", "is_available": true, "created_at": "2023-11-18", "updated_at": "2023-11-18"}}, {"model": "Menu.fooditem", "pk": 7, "fields": {"vendor": 5, "category": 2, "food_title": "Boriler wings", "slug": "boriler-wings", "description": "", "price": "2.00", "image": "foodimages/tuna-fish.jpg", "is_available": true, "created_at": "2023-11-18", "updated_at": "2023-12-30"}}, {"model": "Menu.fooditem", "pk": 8, "fields": {"vendor": 5, "category": 1, "food_title": "Giant burger", "slug": "giant-burger", "description": "This is a giant burger", "price": "1.01", "image": "foodimages/tuna-fish_5BstGEZ.jpg", "is_available": true, "created_at": "2023-11-18", "updated_at": "2024-01-30"}}, {"model": "Menu.fooditem", "pk": 19, "fields": {"vendor": 7, "category": 9, "food_title": "Beans", "slug": "beans", "description": "Jojo's beans", "price": "10.00", "image": "foodimages/default-profile.PNG", "is_available": true, "created_at": "2023-12-30", "updated_at": "2023-12-30"}}, {"model": "Menu.fooditem", "pk": 20, "fields": {"vendor": 7, "category": 10, "food_title": "Yam", "slug": "yam", "description": "This is food", "price": "20.00", "image": "foodimages/default-profile_65J2Qvl.PNG", "is_available": true, "created_at": "2023-12-30", "updated_at": "2023-12-30"}}, {"model": "Menu.fooditem", "pk": 21, "fields": {"vendor": 7, "category": 9, "food_title": "Rice and Yam", "slug": "rice-and-yam", "description": "This is for the food", "price": "2.00", "image": "foodimages/default-profile_jrhJRvl.PNG", "is_available": true, "created_at": "2023-12-30", "updated_at": "2023-12-30"}}, {"model": "Menu.fooditem", "pk": 22, "fields": {"vendor": 7, "category": 10, "food_title": "eguaku", "slug": "eguaku", "description": "this is a chinease food", "price": "2.00", "image": "foodimages/default-profile_JBk5K5l.PNG", "is_available": true, "created_at": "2023-12-30", "updated_at": "2023-12-30"}}, {"model": "Menu.fooditem", "pk": 23, "fields": {"vendor": 7, "category": 12, "food_title": "brown rice stew", "slug": "brown-rice-stew", "description": "for rott", "price": "2.00", "image": "foodimages/default-profile_p2V75en.PNG", "is_available": true, "created_at": "2023-12-30", "updated_at": "2023-12-30"}}, {"model": "Menu.fooditem", "pk": 24, "fields": {"vendor": 12, "category": 13, "food_title": "chicken back", "slug": "chicken-back", "description": "", "price": "20.00", "image": "foodimages/Pan-Fried-Chicken-600x600_bkmkEs2.jpg", "is_available": true, "created_at": "2023-12-31", "updated_at": "2023-12-31"}}, {"model": "Menu.fooditem", "pk": 25, "fields": {"vendor": 12, "category": 13, "food_title": "chicken legs", "slug": "chicken-legs", "description": "chicken legs", "price": "50.00", "image": "foodimages/profile-picture-5.PNG", "is_available": true, "created_at": "2023-12-31", "updated_at": "2023-12-31"}}, {"model": "Menu.fooditem", "pk": 26, "fields": {"vendor": 12, "category": 20, "food_title": "Big goat legs", "slug": "big-goat-legs", "description": "the goat legs", "price": "15.00", "image": "foodimages/seafood-600x600_Dx0o2Z5.jpg", "is_available": true, "created_at": "2023-12-31", "updated_at": "2023-12-31"}}, {"model": "Menu.fooditem", "pk": 27, "fields": {"vendor": 11, "category": 21, "food_title": "chicken neck", "slug": "chicken-neck", "description": "the chicken neck", "price": "5.00", "image": "foodimages/pizza-600x600.jpg", "is_available": true, "created_at": "2023-12-31", "updated_at": "2023-12-31"}}, {"model": "Menu.fooditem", "pk": 28, "fields": {"vendor": 13, "category": 22, "food_title": "Burger one black", "slug": "burger-one-black", "description": "the big burger", "price": "0.50", "image": "foodimages/italian-pizza-600x600.jpg", "is_available": true, "created_at": "2023-12-31", "updated_at": "2024-01-31"}}, {"model": "Menu.fooditem", "pk": 29, "fields": {"vendor": 5, "category": 13, "food_title": "chicken 6", "slug": "chicken-6", "description": "", "price": "5.00", "image": "foodimages/pizza-600x600_tBmAJeM.jpg", "is_available": true, "created_at": "2023-12-31", "updated_at": "2023-12-31"}}, {"model": "Menu.fooditem", "pk": 30, "fields": {"vendor": 5, "category": 23, "food_title": "rabitfood", "slug": "rabitfood", "description": "", "price": "3.00", "image": "foodimages/pizza-600x600_UVNhi3v.jpg", "is_available": true, "created_at": "2023-12-31", "updated_at": "2023-12-31"}}, {"model": "Menu.fooditem", "pk": 31, "fields": {"vendor": 5, "category": 23, "food_title": "rabbit leg", "slug": "rabbit-leg", "description": "", "price": "10.00", "image": "foodimages/pizza-600x600_H83Rkif.jpg", "is_available": true, "created_at": "2023-12-31", "updated_at": "2023-12-31"}}, {"model": "Menu.fooditem", "pk": 32, "fields": {"vendor": 5, "category": 24, "food_title": "zebra", "slug": "zebra", "description": "", "price": "3.00", "image": "foodimages/veg-pizza-600x600_die15E2.jpg", "is_available": true, "created_at": "2023-12-31", "updated_at": "2023-12-31"}}, {"model": "Menu.fooditem", "pk": 33, "fields": {"vendor": 5, "category": 23, "food_title": "yours me", "slug": "yours-me", "description": "yuoourss  me", "price": "5.00", "image": "foodimages/Screenshot_20231203-204637_WPS_Office.jpg", "is_available": true, "created_at": "2024-01-14", "updated_at": "2024-01-14"}}, {"model": "marketplace.cart", "pk": 119, "fields": {"user": 83, "fooditem": 20, "quantity": 3, "created_at": "2023-12-30", "updated_at": "2023-12-30T09:41:39.556Z"}}, {"model": "marketplace.cart", "pk": 211, "fields": {"user": 1, "fooditem": 8, "quantity": 1, "created_at": "2024-01-19", "updated_at": "2024-01-19T19:03:39.239Z"}}, {"model": "marketplace.cart", "pk": 212, "fields": {"user": 1, "fooditem": 7, "quantity": 1, "created_at": "2024-01-19", "updated_at": "2024-01-19T19:03:42.539Z"}}, {"model": "marketplace.cart", "pk": 224, "fields": {"user": 81, "fooditem": 8, "quantity": 1, "created_at": "2024-02-09", "updated_at": "2024-02-09T23:14:36.826Z"}}, {"model": "marketplace.cart", "pk": 225, "fields": {"user": 81, "fooditem": 3, "quantity": 1, "created_at": "2024-02-09", "updated_at": "2024-02-09T23:14:41.741Z"}}, {"model": "marketplace.cart", "pk": 226, "fields": {"user": 81, "fooditem": 2, "quantity": 1, "created_at": "2024-02-09", "updated_at": "2024-02-09T23:14:55.245Z"}}, {"model": "marketplace.cart", "pk": 227, "fields": {"user": 81, "fooditem": 28, "quantity": 1, "created_at": "2024-02-09", "updated_at": "2024-02-09T23:15:08.197Z"}}, {"model": "marketplace.cart", "pk": 266, "fields": {"user": 82, "fooditem": 8, "quantity": 1, "created_at": "2024-02-21", "updated_at": "2024-02-21T21:08:26.745Z"}}, {"model": "marketplace.cart", "pk": 267, "fields": {"user": 82, "fooditem": 19, "quantity": 1, "created_at": "2024-02-21", "updated_at": "2024-02-21T21:08:42.977Z"}}, {"model": "marketplace.tax", "pk": 2, "fields": {"tax_type": "NI", "tax_percentage": "0.10", "is_active": true}}, {"model": "marketplace.tax", "pk": 3, "fields": {"tax_type": "VAT", "tax_percentage": "0.00", "is_active": true}}, {"model": "marketplace.tax", "pk": 6, "fields": {"tax_type": "mine", "tax_percentage": "2.00", "is_active": true}}, {"model": "marketplace.tax", "pk": 7, "fields": {"tax_type": "Test", "tax_percentage": "3.00", "is_active": true}}, {"model": "orders.payment", "pk": 1, "fields": {"user": 82, "transaction_id": "0PT65005GS270374P", "payment_method": "PayPal", "amount": "3.69", "status": "COMPLETED", "created_at": "2024-02-02T22:28:52.030Z"}}, {"model": "orders.payment", "pk": 2, "fields": {"user": 82, "transaction_id": "7TV41105DN8318632", "payment_method": "PayPal", "amount": "3.69", "status": "COMPLETED", "created_at": "2024-02-03T13:01:10.582Z"}}, {"model": "orders.payment", "pk": 3, "fields": {"user": 82, "transaction_id": "6WW76440JS2417032", "payment_method": "PayPal", "amount": "3.69", "status": "COMPLETED", "created_at": "2024-02-03T15:37:27.336Z"}}, {"model": "orders.payment", "pk": 4, "fields": {"user": 82, "transaction_id": "95G40706V6906020L", "payment_method": "PayPal", "amount": "3.69", "status": "COMPLETED", "created_at": "2024-02-03T15:40:54.926Z"}}, {"model": "orders.payment", "pk": 5, "fields": {"user": 82, "transaction_id": "5SG53261Y37786938", "payment_method": "PayPal", "amount": "3.69", "status": "COMPLETED", "created_at": "2024-02-03T19:55:01.280Z"}}, {"model": "orders.payment", "pk": 6, "fields": {"user": 82, "transaction_id": "7GT842504G524713G", "payment_method": "PayPal", "amount": "3.69", "status": "COMPLETED", "created_at": "2024-02-03T23:58:51.035Z"}}, {"model": "orders.payment", "pk": 7, "fields": {"user": 82, "transaction_id": "2W5145517D4248133", "payment_method": "PayPal", "amount": "3.69", "status": "COMPLETED", "created_at": "2024-02-04T00:23:09.613Z"}}, {"model": "orders.payment", "pk": 8, "fields": {"user": 82, "transaction_id": "67083460HL1347918", "payment_method": "PayPal", "amount": "3.69", "status": "COMPLETED", "created_at": "2024-02-04T00:30:20.396Z"}}, {"model": "orders.payment", "pk": 9, "fields": {"user": 82, "transaction_id": "04M03506T4726990S", "payment_method": "PayPal", "amount": "3.69", "status": "COMPLETED", "created_at": "2024-02-04T00:33:15.488Z"}}, {"model": "orders.payment", "pk": 10, "fields": {"user": 82, "transaction_id": "24D41337F7381135C", "payment_method": "PayPal", "amount": "3.69", "status": "COMPLETED", "created_at": "2024-02-04T00:38:26.239Z"}}, {"model": "orders.payment", "pk": 11, "fields": {"user": 82, "transaction_id": "2K7901854X033904V", "payment_method": "PayPal", "amount": "3.69", "status": "COMPLETED", "created_at": "2024-02-04T01:15:45.369Z"}}, {"model": "orders.payment", "pk": 12, "fields": {"user": 82, "transaction_id": "3G6127135F6875029", "payment_method": "PayPal", "amount": "3.69", "status": "COMPLETED", "created_at": "2024-02-04T01:19:28.664Z"}}, {"model": "orders.payment", "pk": 13, "fields": {"user": 82, "transaction_id": "70S55845AV099881P", "payment_method": "PayPal", "amount": "3.69", "status": "COMPLETED", "created_at": "2024-02-04T01:26:34.998Z"}}, {"model": "orders.payment", "pk": 14, "fields": {"user": 82, "transaction_id": "3NX7152693811370B", "payment_method": "PayPal", "amount": "3.69", "status": "COMPLETED", "created_at": "2024-02-04T01:36:35.396Z"}}, {"model": "orders.payment", "pk": 15, "fields": {"user": 82, "transaction_id": "6RV052806W0621450", "payment_method": "PayPal", "amount": "3.69", "status": "COMPLETED", "created_at": "2024-02-04T01:43:17.273Z"}}, {"model": "orders.payment", "pk": 16, "fields": {"user": 82, "transaction_id": "7VM89175M90396747", "payment_method": "PayPal", "amount": "3.69", "status": "COMPLETED", "created_at": "2024-02-04T01:44:48.316Z"}}, {"model": "orders.payment", "pk": 17, "fields": {"user": 82, "transaction_id": "7VH66014930504813", "payment_method": "PayPal", "amount": "3.69", "status": "COMPLETED", "created_at": "2024-02-04T01:47:00.712Z"}}, {"model": "orders.payment", "pk": 18, "fields": {"user": 82, "transaction_id": "1EG565441U099360L", "payment_method": "PayPal", "amount": "3.69", "status": "COMPLETED", "created_at": "2024-02-04T01:48:50.507Z"}}, {"model": "orders.payment", "pk": 19, "fields": {"user": 82, "transaction_id": "8MM17713V0298730U", "payment_method": "PayPal", "amount": "3.69", "status": "COMPLETED", "created_at": "2024-02-04T01:57:36.814Z"}}, {"model": "orders.payment", "pk": 20, "fields": {"user": 82, "transaction_id": "7NG18457YL926151K", "payment_method": "PayPal", "amount": "3.69", "status": "COMPLETED", "created_at": "2024-02-04T01:59:31.640Z"}}, {"model": "orders.payment", "pk": 21, "fields": {"user": 82, "transaction_id": "20119006ME060494D", "payment_method": "PayPal", "amount": "3.69", "status": "COMPLETED", "created_at": "2024-02-04T02:04:06.104Z"}}, {"model": "orders.payment", "pk": 22, "fields": {"user": 82, "transaction_id": "6BT99885HB222372E", "payment_method": "PayPal", "amount": "3.69", "status": "COMPLETED", "created_at": "2024-02-04T02:09:07.838Z"}}, {"model": "orders.payment", "pk": 23, "fields": {"user": 82, "transaction_id": "14G00511M2059800X", "payment_method": "PayPal", "amount": "3.69", "status": "COMPLETED", "created_at": "2024-02-04T02:13:25.757Z"}}, {"model": "orders.payment", "pk": 24, "fields": {"user": 82, "transaction_id": "6NR94728397707232", "payment_method": "PayPal", "amount": "3.69", "status": "COMPLETED", "created_at": "2024-02-04T02:16:00.333Z"}}, {"model": "orders.payment", "pk": 25, "fields": {"user": 82, "transaction_id": "9EH484836Y127251N", "payment_method": "PayPal", "amount": "1.59", "status": "COMPLETED", "created_at": "2024-02-04T02:26:13.699Z"}}, {"model": "orders.payment", "pk": 26, "fields": {"user": 82, "transaction_id": "8B016680FV283672J", "payment_method": "PayPal", "amount": "1.59", "status": "COMPLETED", "created_at": "2024-02-04T02:33:38.637Z"}}, {"model": "orders.payment", "pk": 27, "fields": {"user": 82, "transaction_id": "6C630308AG2792723", "payment_method": "PayPal", "amount": "1.59", "status": "COMPLETED", "created_at": "2024-02-05T02:45:57.018Z"}}, {"model": "orders.payment", "pk": 28, "fields": {"user": 82, "transaction_id": "46P06409J2042654D", "payment_method": "PayPal", "amount": "1.59", "status": "COMPLETED", "created_at": "2024-02-05T02:52:35.166Z"}}, {"model": "orders.payment", "pk": 29, "fields": {"user": 82, "transaction_id": "41U21362DU920492E", "payment_method": "PayPal", "amount": "1.59", "status": "COMPLETED", "created_at": "2024-02-05T03:16:56.404Z"}}, {"model": "orders.payment", "pk": 30, "fields": {"user": 82, "transaction_id": "05C08312NM6047243", "payment_method": "PayPal", "amount": "1.59", "status": "COMPLETED", "created_at": "2024-02-05T03:19:53.417Z"}}, {"model": "orders.payment", "pk": 31, "fields": {"user": 82, "transaction_id": "3H649429UL3274621", "payment_method": "PayPal", "amount": "1.59", "status": "COMPLETED", "created_at": "2024-02-05T03:22:00.897Z"}}, {"model": "orders.payment", "pk": 32, "fields": {"user": 82, "transaction_id": "50Y38678V0507552T", "payment_method": "PayPal", "amount": "1.59", "status": "COMPLETED", "created_at": "2024-02-05T03:28:42.147Z"}}, {"model": "orders.payment", "pk": 33, "fields": {"user": 82, "transaction_id": "7FT53388WR724962U", "payment_method": "PayPal", "amount": "1.59", "status": "COMPLETED", "created_at": "2024-02-05T03:31:22.039Z"}}, {"model": "orders.payment", "pk": 34, "fields": {"user": 82, "transaction_id": "2SK50477JC069432G", "payment_method": "PayPal", "amount": "1.59", "status": "COMPLETED", "created_at": "2024-02-05T03:55:42.478Z"}}, {"model": "orders.payment", "pk": 35, "fields": {"user": 82, "transaction_id": "8M527108WH3507929", "payment_method": "PayPal", "amount": "1.59", "status": "COMPLETED", "created_at": "2024-02-05T04:00:25.748Z"}}, {"model": "orders.payment", "pk": 36, "fields": {"user": 82, "transaction_id": "4T171735JX1337004", "payment_method": "PayPal", "amount": "1.59", "status": "COMPLETED", "created_at": "2024-02-05T04:01:46.641Z"}}, {"model": "orders.payment", "pk": 37, "fields": {"user": 82, "transaction_id": "19S49984KA757091X", "payment_method": "PayPal", "amount": "1.59", "status": "COMPLETED", "created_at": "2024-02-05T05:38:20.482Z"}}, {"model": "orders.payment", "pk": 38, "fields": {"user": 82, "transaction_id": "2CU60147VN2118527", "payment_method": "PayPal", "amount": "1.59", "status": "COMPLETED", "created_at": "2024-02-05T05:54:34.731Z"}}, {"model": "orders.payment", "pk": 39, "fields": {"user": 82, "transaction_id": "94A84904CY059761C", "payment_method": "PayPal", "amount": "1.59", "status": "COMPLETED", "created_at": "2024-02-05T06:00:53.523Z"}}, {"model": "orders.payment", "pk": 40, "fields": {"user": 82, "transaction_id": "8GJ13996F0556591P", "payment_method": "PayPal", "amount": "1.59", "status": "COMPLETED", "created_at": "2024-02-05T06:03:25.083Z"}}, {"model": "orders.payment", "pk": 41, "fields": {"user": 82, "transaction_id": "71H08065HS3705714", "payment_method": "PayPal", "amount": "1.59", "status": "COMPLETED", "created_at": "2024-02-05T06:05:19.211Z"}}, {"model": "orders.payment", "pk": 42, "fields": {"user": 82, "transaction_id": "3P425965LD680900E", "payment_method": "PayPal", "amount": "1.59", "status": "COMPLETED", "created_at": "2024-02-05T06:33:26.205Z"}}, {"model": "orders.payment", "pk": 43, "fields": {"user": 82, "transaction_id": "171402321G627121M", "payment_method": "PayPal", "amount": "1.59", "status": "COMPLETED", "created_at": "2024-02-05T06:34:41.054Z"}}, {"model": "orders.payment", "pk": 44, "fields": {"user": 82, "transaction_id": "5RF00750HH776481W", "payment_method": "PayPal", "amount": "1.59", "status": "COMPLETED", "created_at": "2024-02-05T18:42:07.766Z"}}, {"model": "orders.payment", "pk": 45, "fields": {"user": 82, "transaction_id": "2M936773EC884274U", "payment_method": "PayPal", "amount": "1.59", "status": "COMPLETED", "created_at": "2024-02-05T19:37:12.481Z"}}, {"model": "orders.payment", "pk": 46, "fields": {"user": 82, "transaction_id": "22B352089V670711Y", "payment_method": "PayPal", "amount": "1.59", "status": "COMPLETED", "created_at": "2024-02-05T19:45:27.901Z"}}, {"model": "orders.payment", "pk": 47, "fields": {"user": 82, "transaction_id": "0S1751576F644333W", "payment_method": "PayPal", "amount": "1.59", "status": "COMPLETED", "created_at": "2024-02-05T21:44:03.551Z"}}, {"model": "orders.payment", "pk": 48, "fields": {"user": 82, "transaction_id": "6AC98733L1544300B", "payment_method": "PayPal", "amount": "1.59", "status": "COMPLETED", "created_at": "2024-02-05T21:45:54.424Z"}}, {"model": "orders.payment", "pk": 49, "fields": {"user": 82, "transaction_id": "99X05378AV234335F", "payment_method": "PayPal", "amount": "1.59", "status": "COMPLETED", "created_at": "2024-02-05T22:03:17.526Z"}}, {"model": "orders.payment", "pk": 50, "fields": {"user": 82, "transaction_id": "7006629734559654J", "payment_method": "PayPal", "amount": "1.59", "status": "COMPLETED", "created_at": "2024-02-05T22:49:09.880Z"}}, {"model": "orders.payment", "pk": 51, "fields": {"user": 82, "transaction_id": "2C034674FB6430728", "payment_method": "PayPal", "amount": "1.59", "status": "COMPLETED", "created_at": "2024-02-05T23:16:18.599Z"}}, {"model": "orders.payment", "pk": 52, "fields": {"user": 82, "transaction_id": "4S856475Y7821601R", "payment_method": "PayPal", "amount": "1.59", "status": "COMPLETED", "created_at": "2024-02-05T23:25:39.039Z"}}, {"model": "orders.payment", "pk": 53, "fields": {"user": 82, "transaction_id": "8FU25544T4676910S", "payment_method": "PayPal", "amount": "1.59", "status": "COMPLETED", "created_at": "2024-02-06T21:32:51.855Z"}}, {"model": "orders.payment", "pk": 54, "fields": {"user": 82, "transaction_id": "0RE00254B3722683W", "payment_method": "PayPal", "amount": "1.59", "status": "COMPLETED", "created_at": "2024-02-06T21:44:44.011Z"}}, {"model": "orders.payment", "pk": 55, "fields": {"user": 82, "transaction_id": "2U591046TD472413T", "payment_method": "PayPal", "amount": "3.69", "status": "COMPLETED", "created_at": "2024-02-09T23:24:39.092Z"}}, {"model": "orders.payment", "pk": 56, "fields": {"user": 82, "transaction_id": "2K1317087V242873B", "payment_method": "PayPal", "amount": "3.69", "status": "COMPLETED", "created_at": "2024-02-09T23:49:10.291Z"}}, {"model": "orders.payment", "pk": 57, "fields": {"user": 82, "transaction_id": "4NG64364D64694451", "payment_method": "PayPal", "amount": "4.21", "status": "COMPLETED", "created_at": "2024-02-12T23:23:44.906Z"}}, {"model": "orders.payment", "pk": 58, "fields": {"user": 82, "transaction_id": "3RP33958B5860352T", "payment_method": "PayPal", "amount": "15.78", "status": "COMPLETED", "created_at": "2024-02-14T14:05:35.431Z"}}, {"model": "orders.payment", "pk": 59, "fields": {"user": 82, "transaction_id": "6FW06717U6278734R", "payment_method": "PayPal", "amount": "2.63", "status": "COMPLETED", "created_at": "2024-02-14T16:53:07.487Z"}}, {"model": "orders.payment", "pk": 60, "fields": {"user": 82, "transaction_id": "4N037172W65823035", "payment_method": "PayPal", "amount": "2.63", "status": "COMPLETED", "created_at": "2024-02-14T16:56:53.238Z"}}, {"model": "orders.payment", "pk": 61, "fields": {"user": 82, "transaction_id": "07H021315C1912334", "payment_method": "PayPal", "amount": "1.06", "status": "COMPLETED", "created_at": "2024-02-14T16:59:52.546Z"}}, {"model": "orders.payment", "pk": 62, "fields": {"user": 82, "transaction_id": "4JC479531U4820928", "payment_method": "PayPal", "amount": "3.69", "status": "COMPLETED", "created_at": "2024-02-18T17:52:57.001Z"}}, {"model": "orders.payment", "pk": 63, "fields": {"user": 82, "transaction_id": "63R003996J060081R", "payment_method": "PayPal", "amount": "3.69", "status": "COMPLETED", "created_at": "2024-02-18T18:08:44.162Z"}}, {"model": "orders.payment", "pk": 64, "fields": {"user": 82, "transaction_id": "7GV787852G448523A", "payment_method": "PayPal", "amount": "1.59", "status": "COMPLETED", "created_at": "2024-02-18T18:16:59.727Z"}}, {"model": "orders.payment", "pk": 65, "fields": {"user": 82, "transaction_id": "5B68724118605502C", "payment_method": "PayPal", "amount": "23.65", "status": "COMPLETED", "created_at": "2024-02-18T18:24:44.881Z"}}, {"model": "orders.payment", "pk": 66, "fields": {"user": 82, "transaction_id": "396569484M218854K", "payment_method": "PayPal", "amount": "3.69", "status": "COMPLETED", "created_at": "2024-02-18T19:44:57.652Z"}}, {"model": "orders.payment", "pk": 67, "fields": {"user": 82, "transaction_id": "5LG41348WU441021R", "payment_method": "PayPal", "amount": "11.57", "status": "COMPLETED", "created_at": "2024-02-21T13:17:48.352Z"}}, {"model": "orders.payment", "pk": 68, "fields": {"user": 82, "transaction_id": "30119270VE759563P", "payment_method": "PayPal", "amount": "11.57", "status": "COMPLETED", "created_at": "2024-02-21T15:07:05.043Z"}}, {"model": "orders.payment", "pk": 69, "fields": {"user": 82, "transaction_id": "13F77425PW3036204", "payment_method": "PayPal", "amount": "11.57", "status": "COMPLETED", "created_at": "2024-02-21T15:17:38.082Z"}}, {"model": "orders.order", "pk": 149, "fields": {"user": 82, "payment": 59, "order_number": "20240214165237149", "first_name": "Hello", "last_name": "James", "phone": "343", "email": "evansboma@gmail.com", "address": "7234 olive street, 23223 St Mathew Street", "country": "Italy", "state": "Manchester", "city": "Cheetam", "pin_code": "1221", "total": 2.63, "tax_data": "{\"Test\": {\"3.00\": \"0.08\"}, \"mine\": {\"2.00\": \"0.05\"}, \"VAT\": {\"0.00\": \"0.00\"}, \"NI\": {\"0.10\": \"0.00\"}}", "total_data": "{\"13\": {\"0.50\": \"{'Test': {'3.00': '0.02'}, 'mine': {'2.00': '0.01'}, 'VAT': {'0.00': '0.00'}, 'NI': {'0.10': '0.00'}}\"}, \"5\": {\"2.00\": \"{'Test': {'3.00': '0.06'}, 'mine': {'2.00': '0.04'}, 'VAT': {'0.00': '0.00'}, 'NI': {'0.10': '0.00'}}\"}}", "total_tax": 0.13, "payment_method": "Paypal", "status": "New", "is_ordered": true, "created_at": "2024-02-14T16:52:37.465Z", "updated_at": "2024-02-14T16:53:07.565Z", "vendors": [5, 13]}}, {"model": "orders.order", "pk": 150, "fields": {"user": 82, "payment": 60, "order_number": "20240214165636150", "first_name": "Homei", "last_name": "James", "phone": "343", "email": "evansboma@gmail.com", "address": "7234 olive street, 23223 St Mathew Street", "country": "Italy", "state": "Manchester", "city": "Cheetam<", "pin_code": "1221", "total": 2.63, "tax_data": "{\"Test\": {\"3.00\": \"0.08\"}, \"mine\": {\"2.00\": \"0.05\"}, \"VAT\": {\"0.00\": \"0.00\"}, \"NI\": {\"0.10\": \"0.00\"}}", "total_data": "{\"13\": {\"0.50\": \"{'Test': {'3.00': '0.02'}, 'mine': {'2.00': '0.01'}, 'VAT': {'0.00': '0.00'}, 'NI': {'0.10': '0.00'}}\"}, \"5\": {\"2.00\": \"{'Test': {'3.00': '0.06'}, 'mine': {'2.00': '0.04'}, 'VAT': {'0.00': '0.00'}, 'NI': {'0.10': '0.00'}}\"}}", "total_tax": 0.13, "payment_method": "Paypal", "status": "New", "is_ordered": true, "created_at": "2024-02-14T16:56:36.332Z", "updated_at": "2024-02-14T16:56:53.243Z", "vendors": [5, 13]}}, {"model": "orders.order", "pk": 151, "fields": {"user": 82, "payment": 61, "order_number": "20240214165935151", "first_name": "Homei", "last_name": "James", "phone": "343 665 7763", "email": "evansboma@gmail.com", "address": "7234 olive street, 23223 St Mathew Street", "country": "Italy", "state": "Manchester", "city": "Cheetam", "pin_code": "1221", "total": 1.06, "tax_data": "{\"Test\": {\"3.00\": \"0.03\"}, \"mine\": {\"2.00\": \"0.02\"}, \"VAT\": {\"0.00\": \"0.00\"}, \"NI\": {\"0.10\": \"0.00\"}}", "total_data": "{\"5\": {\"1.01\": \"{'Test': {'3.00': '0.03'}, 'mine': {'2.00': '0.02'}, 'VAT': {'0.00': '0.00'}, 'NI': {'0.10': '0.00'}}\"}}", "total_tax": 0.05, "payment_method": "Paypal", "status": "New", "is_ordered": true, "created_at": "2024-02-14T16:59:35.914Z", "updated_at": "2024-02-16T14:29:51.913Z", "vendors": [5]}}, {"model": "orders.order", "pk": 152, "fields": {"user": 82, "payment": null, "order_number": "20240215234241152", "first_name": "Homei", "last_name": "James", "phone": "343", "email": "evansboma@gmail.com", "address": "7234 olive street, 23223 St Mathew Street", "country": "Italy", "state": "Manchester", "city": "Cheetam", "pin_code": "1221", "total": 3.69, "tax_data": "{\"Test\": {\"3.00\": \"0.11\"}, \"mine\": {\"2.00\": \"0.07\"}, \"VAT\": {\"0.00\": \"0.00\"}, \"NI\": {\"0.10\": \"0.00\"}}", "total_data": "{\"13\": {\"0.50\": \"{'Test': {'3.00': '0.02'}, 'mine': {'2.00': '0.01'}, 'VAT': {'0.00': '0.00'}, 'NI': {'0.10': '0.00'}}\"}, \"5\": {\"3.01\": \"{'Test': {'3.00': '0.09'}, 'mine': {'2.00': '0.06'}, 'VAT': {'0.00': '0.00'}, 'NI': {'0.10': '0.00'}}\"}}", "total_tax": 0.18, "payment_method": "Paypal", "status": "New", "is_ordered": false, "created_at": "2024-02-15T23:42:41.418Z", "updated_at": "2024-02-15T23:42:41.581Z", "vendors": [5, 13]}}, {"model": "orders.order", "pk": 153, "fields": {"user": 82, "payment": null, "order_number": "20240215235835153", "first_name": "eva", "last_name": "James", "phone": "343", "email": "evansboma@gmail.com", "address": "7234 olive street, 23223 St Mathew Street", "country": "Italy", "state": "Manchester", "city": "Cheetam", "pin_code": "1221", "total": 3.69, "tax_data": "{\"Test\": {\"3.00\": \"0.11\"}, \"mine\": {\"2.00\": \"0.07\"}, \"VAT\": {\"0.00\": \"0.00\"}, \"NI\": {\"0.10\": \"0.00\"}}", "total_data": "{\"13\": {\"0.50\": \"{'Test': {'3.00': '0.02'}, 'mine': {'2.00': '0.01'}, 'VAT': {'0.00': '0.00'}, 'NI': {'0.10': '0.00'}}\"}, \"5\": {\"3.01\": \"{'Test': {'3.00': '0.09'}, 'mine': {'2.00': '0.06'}, 'VAT': {'0.00': '0.00'}, 'NI': {'0.10': '0.00'}}\"}}", "total_tax": 0.18, "payment_method": "Paypal", "status": "New", "is_ordered": false, "created_at": "2024-02-15T23:58:35.221Z", "updated_at": "2024-02-15T23:58:35.247Z", "vendors": [5, 13]}}, {"model": "orders.order", "pk": 154, "fields": {"user": 82, "payment": 62, "order_number": "20240218175227154", "first_name": "Homei", "last_name": "James", "phone": "343", "email": "evansboma@gmail.com", "address": "7234 olive street, 23223 St Mathew Street", "country": "Italy", "state": "Manchester", "city": "Cheetam", "pin_code": "1221", "total": 3.69, "tax_data": "{\"Test\": {\"3.00\": \"0.11\"}, \"mine\": {\"2.00\": \"0.07\"}, \"VAT\": {\"0.00\": \"0.00\"}, \"NI\": {\"0.10\": \"0.00\"}}", "total_data": "{\"13\": {\"0.50\": \"{'Test': {'3.00': '0.02'}, 'mine': {'2.00': '0.01'}, 'VAT': {'0.00': '0.00'}, 'NI': {'0.10': '0.00'}}\"}, \"5\": {\"3.01\": \"{'Test': {'3.00': '0.09'}, 'mine': {'2.00': '0.06'}, 'VAT': {'0.00': '0.00'}, 'NI': {'0.10': '0.00'}}\"}}", "total_tax": 0.18, "payment_method": "Paypal", "status": "New", "is_ordered": true, "created_at": "2024-02-18T17:52:26.677Z", "updated_at": "2024-02-18T17:52:57.093Z", "vendors": [5, 13]}}, {"model": "orders.order", "pk": 155, "fields": {"user": 82, "payment": 63, "order_number": "20240218180814155", "first_name": "Homei", "last_name": "James", "phone": "343", "email": "evansboma@gmail.com", "address": "7234 olive street, 23223 St Mathew Street", "country": "Italy", "state": "Manchester", "city": "Cheetam", "pin_code": "1221", "total": 3.69, "tax_data": "{\"Test\": {\"3.00\": \"0.11\"}, \"mine\": {\"2.00\": \"0.07\"}, \"VAT\": {\"0.00\": \"0.00\"}, \"NI\": {\"0.10\": \"0.00\"}}", "total_data": "{\"13\": {\"0.50\": \"{'Test': {'3.00': '0.02'}, 'mine': {'2.00': '0.01'}, 'VAT': {'0.00': '0.00'}, 'NI': {'0.10': '0.00'}}\"}, \"5\": {\"3.01\": \"{'Test': {'3.00': '0.09'}, 'mine': {'2.00': '0.06'}, 'VAT': {'0.00': '0.00'}, 'NI': {'0.10': '0.00'}}\"}}", "total_tax": 0.18, "payment_method": "Paypal", "status": "New", "is_ordered": true, "created_at": "2024-02-18T18:08:14.544Z", "updated_at": "2024-02-18T18:08:44.206Z", "vendors": [5, 13]}}, {"model": "orders.order", "pk": 156, "fields": {"user": 82, "payment": null, "order_number": "20240218181450156", "first_name": "Homei", "last_name": "James", "phone": "343", "email": "evansboma@gmail.com", "address": "7234 olive street, 23223 St Mathew Street", "country": "Italy", "state": "Manchester", "city": "Cheetam", "pin_code": "1221", "total": 1.59, "tax_data": "{\"Test\": {\"3.00\": \"0.05\"}, \"mine\": {\"2.00\": \"0.03\"}, \"VAT\": {\"0.00\": \"0.00\"}, \"NI\": {\"0.10\": \"0.00\"}}", "total_data": "{\"13\": {\"0.50\": \"{'Test': {'3.00': '0.02'}, 'mine': {'2.00': '0.01'}, 'VAT': {'0.00': '0.00'}, 'NI': {'0.10': '0.00'}}\"}, \"5\": {\"1.01\": \"{'Test': {'3.00': '0.03'}, 'mine': {'2.00': '0.02'}, 'VAT': {'0.00': '0.00'}, 'NI': {'0.10': '0.00'}}\"}}", "total_tax": 0.08, "payment_method": "Paypal", "status": "New", "is_ordered": false, "created_at": "2024-02-18T18:14:50.604Z", "updated_at": "2024-02-18T18:14:50.617Z", "vendors": [5, 13]}}, {"model": "orders.order", "pk": 157, "fields": {"user": 82, "payment": 64, "order_number": "20240218181644157", "first_name": "Homei", "last_name": "James", "phone": "343", "email": "evansboma@gmail.com", "address": "7234 olive street, 23223 St Mathew Street", "country": "Italy", "state": "Manchester", "city": "Cheetam", "pin_code": "1221", "total": 1.59, "tax_data": "{\"Test\": {\"3.00\": \"0.05\"}, \"mine\": {\"2.00\": \"0.03\"}, \"VAT\": {\"0.00\": \"0.00\"}, \"NI\": {\"0.10\": \"0.00\"}}", "total_data": "{\"13\": {\"0.50\": \"{'Test': {'3.00': '0.02'}, 'mine': {'2.00': '0.01'}, 'VAT': {'0.00': '0.00'}, 'NI': {'0.10': '0.00'}}\"}, \"5\": {\"1.01\": \"{'Test': {'3.00': '0.03'}, 'mine': {'2.00': '0.02'}, 'VAT': {'0.00': '0.00'}, 'NI': {'0.10': '0.00'}}\"}}", "total_tax": 0.08, "payment_method": "Paypal", "status": "New", "is_ordered": true, "created_at": "2024-02-18T18:16:44.643Z", "updated_at": "2024-02-18T18:16:59.732Z", "vendors": [5, 13]}}, {"model": "orders.order", "pk": 158, "fields": {"user": 82, "payment": 65, "order_number": "20240218182420158", "first_name": "Homei", "last_name": "James", "phone": "343", "email": "evansboma@gmail.com", "address": "7234 olive street, 23223 St Mathew Street", "country": "Italy", "state": "Manchester", "city": "Cheetam", "pin_code": "1221", "total": 23.65, "tax_data": "{\"Test\": {\"3.00\": \"0.68\"}, \"mine\": {\"2.00\": \"0.45\"}, \"VAT\": {\"0.00\": \"0.00\"}, \"NI\": {\"0.10\": \"0.02\"}}", "total_data": "{\"13\": {\"0.50\": \"{'Test': {'3.00': '0.02'}, 'mine': {'2.00': '0.01'}, 'VAT': {'0.00': '0.00'}, 'NI': {'0.10': '0.00'}}\"}, \"5\": {\"22.00\": \"{'Test': {'3.00': '0.66'}, 'mine': {'2.00': '0.44'}, 'VAT': {'0.00': '0.00'}, 'NI': {'0.10': '0.02'}}\"}}", "total_tax": 1.15, "payment_method": "Paypal", "status": "New", "is_ordered": true, "created_at": "2024-02-18T18:24:20.376Z", "updated_at": "2024-02-18T18:24:44.889Z", "vendors": [5, 13]}}, {"model": "orders.order", "pk": 160, "fields": {"user": 82, "payment": 67, "order_number": "20240221131723160", "first_name": "Homei", "last_name": "James", "phone": "343", "email": "evansboma@gmail.com", "address": "7234 olive street, 23223 St Mathew Street", "country": "Italy", "state": "Manchester", "city": "Cheetam", "pin_code": "1221", "total": 11.57, "tax_data": "{\"Test\": {\"3.00\": \"0.33\"}, \"mine\": {\"2.00\": \"0.22\"}, \"VAT\": {\"0.00\": \"0.00\"}, \"NI\": {\"0.10\": \"0.01\"}}", "total_data": "{\"7\": {\"10.00\": \"{'Test': {'3.00': '0.30'}, 'mine': {'2.00': '0.20'}, 'VAT': {'0.00': '0.00'}, 'NI': {'0.10': '0.01'}}\"}, \"5\": {\"1.01\": \"{'Test': {'3.00': '0.03'}, 'mine': {'2.00': '0.02'}, 'VAT': {'0.00': '0.00'}, 'NI': {'0.10': '0.00'}}\"}}", "total_tax": 0.56, "payment_method": "Paypal", "status": "New", "is_ordered": true, "created_at": "2024-02-21T13:17:23.437Z", "updated_at": "2024-02-21T13:17:48.701Z", "vendors": [5, 7]}}, {"model": "orders.order", "pk": 161, "fields": {"user": 82, "payment": 68, "order_number": "20240221150642161", "first_name": "Homei", "last_name": "James", "phone": "343", "email": "evansboma@gmail.com", "address": "7234 olive street, 23223 St Mathew Street", "country": "Italy", "state": "Manchester", "city": "Cheetam", "pin_code": "1221", "total": 11.57, "tax_data": "{\"Test\": {\"3.00\": \"0.33\"}, \"mine\": {\"2.00\": \"0.22\"}, \"VAT\": {\"0.00\": \"0.00\"}, \"NI\": {\"0.10\": \"0.01\"}}", "total_data": "{\"7\": {\"10.00\": \"{'Test': {'3.00': '0.30'}, 'mine': {'2.00': '0.20'}, 'VAT': {'0.00': '0.00'}, 'NI': {'0.10': '0.01'}}\"}, \"5\": {\"1.01\": \"{'Test': {'3.00': '0.03'}, 'mine': {'2.00': '0.02'}, 'VAT': {'0.00': '0.00'}, 'NI': {'0.10': '0.00'}}\"}}", "total_tax": 0.56, "payment_method": "Paypal", "status": "New", "is_ordered": true, "created_at": "2024-02-21T15:06:42.058Z", "updated_at": "2024-02-21T15:07:05.061Z", "vendors": [5, 7]}}, {"model": "orders.order", "pk": 162, "fields": {"user": 82, "payment": 69, "order_number": "20240221151711162", "first_name": "Homei My homeboi", "last_name": "James", "phone": "343", "email": "evansboma@gmail.com", "address": "7234 olive street, 23223 St Mathew Street", "country": "Italy", "state": "Manchester", "city": "Cheetam", "pin_code": "1221", "total": 11.57, "tax_data": "{\"Test\": {\"3.00\": \"0.33\"}, \"mine\": {\"2.00\": \"0.22\"}, \"VAT\": {\"0.00\": \"0.00\"}, \"NI\": {\"0.10\": \"0.01\"}}", "total_data": "{\"7\": {\"10.00\": \"{'Test': {'3.00': '0.30'}, 'mine': {'2.00': '0.20'}, 'VAT': {'0.00': '0.00'}, 'NI': {'0.10': '0.01'}}\"}, \"5\": {\"1.01\": \"{'Test': {'3.00': '0.03'}, 'mine': {'2.00': '0.02'}, 'VAT': {'0.00': '0.00'}, 'NI': {'0.10': '0.00'}}\"}}", "total_tax": 0.56, "payment_method": "Paypal", "status": "New", "is_ordered": true, "created_at": "2024-02-21T15:17:11.476Z", "updated_at": "2024-02-21T21:25:41.170Z", "vendors": [5, 7]}}, {"model": "orders.orderedfood", "pk": 143, "fields": {"order": 149, "payment": 59, "user": 82, "fooditem": 28, "quantity": 1, "price": 0.5, "amount": 0.5, "created_at": "2024-02-14T16:53:07.672Z", "updated_at": "2024-02-14T16:53:07.672Z"}}, {"model": "orders.orderedfood", "pk": 144, "fields": {"order": 149, "payment": 59, "user": 82, "fooditem": 7, "quantity": 1, "price": 2.0, "amount": 2.0, "created_at": "2024-02-14T16:53:07.900Z", "updated_at": "2024-02-14T16:53:07.900Z"}}, {"model": "orders.orderedfood", "pk": 145, "fields": {"order": 150, "payment": 60, "user": 82, "fooditem": 28, "quantity": 1, "price": 0.5, "amount": 0.5, "created_at": "2024-02-14T16:56:53.258Z", "updated_at": "2024-02-14T16:56:53.258Z"}}, {"model": "orders.orderedfood", "pk": 146, "fields": {"order": 150, "payment": 60, "user": 82, "fooditem": 7, "quantity": 1, "price": 2.0, "amount": 2.0, "created_at": "2024-02-14T16:56:53.303Z", "updated_at": "2024-02-14T16:56:53.303Z"}}, {"model": "orders.orderedfood", "pk": 147, "fields": {"order": 151, "payment": 61, "user": 82, "fooditem": 8, "quantity": 1, "price": 1.01, "amount": 1.01, "created_at": "2024-02-14T16:59:52.631Z", "updated_at": "2024-02-14T16:59:52.631Z"}}, {"model": "orders.orderedfood", "pk": 148, "fields": {"order": 154, "payment": 62, "user": 82, "fooditem": 28, "quantity": 1, "price": 0.5, "amount": 0.5, "created_at": "2024-02-18T17:52:57.204Z", "updated_at": "2024-02-18T17:52:57.204Z"}}, {"model": "orders.orderedfood", "pk": 149, "fields": {"order": 154, "payment": 62, "user": 82, "fooditem": 8, "quantity": 1, "price": 1.01, "amount": 1.01, "created_at": "2024-02-18T17:52:57.509Z", "updated_at": "2024-02-18T17:52:57.509Z"}}, {"model": "orders.orderedfood", "pk": 150, "fields": {"order": 154, "payment": 62, "user": 82, "fooditem": 7, "quantity": 1, "price": 2.0, "amount": 2.0, "created_at": "2024-02-18T17:52:57.558Z", "updated_at": "2024-02-18T17:52:57.559Z"}}, {"model": "orders.orderedfood", "pk": 151, "fields": {"order": 155, "payment": 63, "user": 82, "fooditem": 28, "quantity": 1, "price": 0.5, "amount": 0.5, "created_at": "2024-02-18T18:08:44.334Z", "updated_at": "2024-02-18T18:08:44.334Z"}}, {"model": "orders.orderedfood", "pk": 152, "fields": {"order": 155, "payment": 63, "user": 82, "fooditem": 8, "quantity": 1, "price": 1.01, "amount": 1.01, "created_at": "2024-02-18T18:08:44.387Z", "updated_at": "2024-02-18T18:08:44.387Z"}}, {"model": "orders.orderedfood", "pk": 153, "fields": {"order": 155, "payment": 63, "user": 82, "fooditem": 7, "quantity": 1, "price": 2.0, "amount": 2.0, "created_at": "2024-02-18T18:08:44.427Z", "updated_at": "2024-02-18T18:08:44.427Z"}}, {"model": "orders.orderedfood", "pk": 154, "fields": {"order": 157, "payment": 64, "user": 82, "fooditem": 28, "quantity": 1, "price": 0.5, "amount": 0.5, "created_at": "2024-02-18T18:16:59.750Z", "updated_at": "2024-02-18T18:16:59.750Z"}}, {"model": "orders.orderedfood", "pk": 155, "fields": {"order": 157, "payment": 64, "user": 82, "fooditem": 8, "quantity": 1, "price": 1.01, "amount": 1.01, "created_at": "2024-02-18T18:16:59.756Z", "updated_at": "2024-02-18T18:16:59.756Z"}}, {"model": "orders.orderedfood", "pk": 156, "fields": {"order": 158, "payment": 65, "user": 82, "fooditem": 28, "quantity": 1, "price": 0.5, "amount": 0.5, "created_at": "2024-02-18T18:24:44.907Z", "updated_at": "2024-02-18T18:24:44.907Z"}}, {"model": "orders.orderedfood", "pk": 157, "fields": {"order": 158, "payment": 65, "user": 82, "fooditem": 2, "quantity": 1, "price": 20.0, "amount": 20.0, "created_at": "2024-02-18T18:24:44.970Z", "updated_at": "2024-02-18T18:24:44.970Z"}}, {"model": "orders.orderedfood", "pk": 158, "fields": {"order": 158, "payment": 65, "user": 82, "fooditem": 7, "quantity": 1, "price": 2.0, "amount": 2.0, "created_at": "2024-02-18T18:24:45.036Z", "updated_at": "2024-02-18T18:24:45.036Z"}}, {"model": "orders.orderedfood", "pk": 162, "fields": {"order": 160, "payment": 67, "user": 82, "fooditem": 19, "quantity": 1, "price": 10.0, "amount": 10.0, "created_at": "2024-02-21T13:17:48.732Z", "updated_at": "2024-02-21T13:17:48.732Z"}}, {"model": "orders.orderedfood", "pk": 163, "fields": {"order": 160, "payment": 67, "user": 82, "fooditem": 8, "quantity": 1, "price": 1.01, "amount": 1.01, "created_at": "2024-02-21T13:17:49.045Z", "updated_at": "2024-02-21T13:17:49.045Z"}}, {"model": "orders.orderedfood", "pk": 164, "fields": {"order": 161, "payment": 68, "user": 82, "fooditem": 19, "quantity": 1, "price": 10.0, "amount": 10.0, "created_at": "2024-02-21T15:07:05.107Z", "updated_at": "2024-02-21T15:07:05.107Z"}}, {"model": "orders.orderedfood", "pk": 165, "fields": {"order": 161, "payment": 68, "user": 82, "fooditem": 8, "quantity": 1, "price": 1.01, "amount": 1.01, "created_at": "2024-02-21T15:07:05.135Z", "updated_at": "2024-02-21T15:07:05.135Z"}}, {"model": "orders.orderedfood", "pk": 166, "fields": {"order": 162, "payment": 69, "user": 82, "fooditem": 19, "quantity": 1, "price": 10.0, "amount": 10.0, "created_at": "2024-02-21T15:17:38.256Z", "updated_at": "2024-02-21T15:17:38.256Z"}}, {"model": "orders.orderedfood", "pk": 167, "fields": {"order": 162, "payment": 69, "user": 82, "fooditem": 8, "quantity": 1, "price": 1.01, "amount": 1.01, "created_at": "2024-02-21T15:17:38.266Z", "updated_at": "2024-02-21T15:17:38.266Z"}}]
